;cluster;functions;complexity;ncloc;duplicated_lines;count
src/main/java/net/sf/jabref/JabRefPreferences.java;19;36.751453561016305;786.7479216992929;10014.56103290295;0.0;245.0
src/main/java/net/sf/jabref/Globals.java;24;36.96480737182631;361.60631310655805;199357.4925987649;0.0;101.0
src/main/java/net/sf/jabref/gui/BasePanel.java;17;13.625534429857664;256.70254262864023;16240.40114933859;2679.8421105578136;282.0
src/main/java/net/sf/jabref/pdfimport/PdfImporter.java;8;1.0713296398891965;137.68351800554035;1658.6057825484756;0.0;76.0
src/main/java/net/sf/jabref/logic/openoffice/OpenOfficePreferences.java;2;28.889999999999993;28.009999999999998;282.04;0.0;10.0
src/main/java/net/sf/jabref/logic/cleanup/CleanupPreset.java;8;35.432098765432094;110.00000000000001;1814.0246913580243;0.0;9.0
src/main/java/net/sf/jabref/logic/l10n/Localization.java;4;7.954081632653061;65.90816326530614;1427.2385204081631;0.0;28.0
src/main/java/net/sf/jabref/gui/help/HelpFiles.java;4;0.75;0.75;1308.1875;0.0;4.0
src/main/java/net/sf/jabref/logic/config/SaveOrderConfig.java;4;23.584120982986764;84.47258979206049;1385.081285444234;0.0;23.0
src/main/java/net/sf/jabref/gui/IconTheme.java;11;35.15274234693875;51.107142857142854;8007.571109693878;0.0;56.0
src/main/java/net/sf/jabref/gui/undo/NamedCompound.java;1;0.0;0.0;1.102040816326531;0.0;7.0
src/main/java/net/sf/jabref/MetaData.java;5;45.169242964724525;112.92218258686749;1021.2693882943588;0.0;87.0
src/main/java/net/sf/jabref/exporter/ExportFormats.java;2;0.0;31.95629424438288;418.3884272083718;0.0;57.0
src/main/java/net/sf/jabref/specialfields/SpecialFieldsUtils.java;1;0.0;3.1967455621301784;21.013313609467446;0.0;26.0
src/main/java/net/sf/jabref/logic/util/UpdateField.java;4;6.75;117.1875;1200.0;0.0;4.0
src/main/java/net/sf/jabref/gui/JabRefFrame.java;14;44.76218560903244;553.2976399823245;21391.206197188185;11.639333026720346;333.0
src/main/java/net/sf/jabref/specialfields/Rank.java;1;0.25;0.25;70.6172839506173;0.0;18.0
src/main/java/net/sf/jabref/logic/net/ProxyPreferences.java;1;0.0;10.88888888888889;22.222222222222218;0.0;3.0
src/main/java/net/sf/jabref/importer/EntryFromFileCreator.java;1;0.0;0.0;0.9910204081632656;0.0;35.0
src/main/java/net/sf/jabref/specialfields/SpecialFieldValue.java;1;0.0;0.0;1.3055555555555554;0.0;12.0
src/main/java/net/sf/jabref/logic/labelpattern/LabelPatternUtil.java;2;1.2975;11.469374999999998;345.53500000000025;0.0;80.0
src/main/java/net/sf/jabref/collab/ChangeScanner.java;1;0.01448961937716265;0.24221453287197245;51.720371972318446;0.0;68.0
src/main/java/net/sf/jabref/exporter/AutoSaveManager.java;1;0.0;0.7346189164370981;18.35996326905418;0.0;33.0
src/main/java/net/sf/jabref/specialfields/Priority.java;1;0.04158790170132325;0.04158790170132325;5.965973534971645;0.0;23.0
src/main/java/net/sf/jabref/importer/fetcher/IEEEXploreFetcher.java;20;7.6859012492564;921.4950922070193;10610.295657346825;870.2956573468182;82.0
src/main/java/net/sf/jabref/sql/exporter/DatabaseExporter.java;2;0.01249799711584682;2.5428617208780633;494.2496394808521;0.0;79.0
src/main/java/net/sf/jabref/model/entry/InternalBibtexFields.java;19;160.49;302.49;9216.3924;0.0;50.0
src/main/java/net/sf/jabref/sql/DBImportExportDialog.java;1;0.18140589569160975;0.18140589569160975;44.39455782312925;0.0;21.0
src/main/java/net/sf/jabref/external/ExternalFileType.java;1;0.0;0.9722222222222225;39.151041666666664;0.0;24.0
src/main/java/net/sf/jabref/exporter/SavePreferences.java;1;6.408163265306123;5.918367346938774;162.48979591836735;0.0;7.0
src/main/java/net/sf/jabref/exporter/CustomExportList.java;1;0.04749999999999999;0.8875000000000001;6.127500000000004;0.0;20.0
src/main/java/net/sf/jabref/BibDatabaseContext.java;5;18.408163265306122;82.9234693877551;1000.5306122448978;0.0;14.0
src/main/java/net/sf/jabref/sql/DBStringsPreferences.java;1;0.0;0.0;0.0;0.0;1.0
src/main/java/net/sf/jabref/importer/CustomImportList.java;5;60.75;75.0;979.6099999999999;0.0;20.0
src/main/java/net/sf/jabref/specialfields/ReadStatus.java;1;0.03993055555555555;0.03993055555555555;7.817708333333333;0.0;24.0
src/main/java/net/sf/jabref/logic/xmp/XMPUtil.java;2;0.9338382713299171;18.743149922031623;378.80463354867476;0.0;67.0
src/main/java/net/sf/jabref/logic/bibtex/LatexFieldFormatter.java;1;2.3196159122085067;13.098765432098764;119.71913580246908;0.0;54.0
src/main/java/net/sf/jabref/collab/EntryDeleteChange.java;1;0.0;0.0;21.494399999999995;0.0;25.0
src/main/java/net/sf/jabref/collab/EntryAddChange.java;1;0.0;0.0;11.229024943310657;0.0;21.0
src/main/java/net/sf/jabref/importer/EntryFromPDFCreator.java;1;0.0;0.1388888888888889;12.240000000000006;0.0;30.0
src/main/java/net/sf/jabref/importer/UnlinkedFilesCrawler.java;1;0.0;0.3333333333333333;17.987654320987655;0.0;18.0
src/main/java/net/sf/jabref/logic/autocompleter/AutoCompletePreferences.java;1;0.0;0.0;0.1875;0.0;4.0
src/main/java/net/sf/jabref/external/DroppedFileHandler.java;6;0.20316328803742476;18.34617955001114;123.48050790822005;1883.4626865671642;67.0
src/main/java/net/sf/jabref/external/ExternalFileTypes.java;1;0.484375;12.0;44.5;0.0;8.0
src/main/java/net/sf/jabref/importer/EntryFromFileCreatorManager.java;1;0.0;0.0;6.489999999999997;0.0;30.0
src/main/java/net/sf/jabref/exporter/BibDatabaseWriter.java;2;0.07638888888888896;29.916666666666664;361.5;0.0;36.0
src/main/java/net/sf/jabref/collab/StringChange.java;1;0.0;0.0;9.73936899862826;0.0;27.0
src/main/java/net/sf/jabref/collab/GroupChange.java;1;0.0;0.22633136094674564;2.1908284023668654;0.0;26.0
src/main/java/net/sf/jabref/gui/FindUnlinkedFilesDialog.java;2;0.21913805697589514;0.4092403214024834;324.9768078889701;0.0;74.0
src/main/java/net/sf/jabref/JabRefGUI.java;1;0.24000000000000005;0.5599999999999999;25.200000000000003;0.0;5.0
src/main/java/net/sf/jabref/exporter/FieldFormatterCleanups.java;4;10.92036011080332;94.50138504155126;1279.6011080332405;0.0;38.0
src/main/java/net/sf/jabref/gui/FileListTableModel.java;4;1.689986282578874;196.21673525377236;1269.2098765432102;375.5829903978053;27.0
src/main/java/net/sf/jabref/collab/StringNameChange.java;1;0.0;0.0;9.555555555555554;0.0;24.0
src/main/java/net/sf/jabref/logic/journals/JournalAbbreviationLoader.java;2;10.224852071005916;14.461538461538462;427.715976331361;0.0;13.0
src/main/java/net/sf/jabref/collab/StringAddChange.java;1;0.0;0.0;17.693786982248515;0.0;26.0
src/main/java/net/sf/jabref/collab/InfoPane.java;1;0.0;0.0;0.1875;0.0;4.0
src/main/java/net/sf/jabref/logic/util/strings/StringUtil.java;12;20.851570247933882;1059.9880991735538;5813.813553719008;19.489586776859493;55.0
src/main/java/net/sf/jabref/logic/groups/KeywordGroup.java;8;10.643274853801168;124.00984918436441;2078.7940904893812;96.25115420129264;57.0
src/main/java/net/sf/jabref/pdfimport/ImportDialog.java;2;0.15419501133786848;6.412698412698413;392.530612244898;243.9909297052153;21.0
src/main/java/net/sf/jabref/importer/ImportFormatReader.java;8;12.4052734375;272.376708984375;2240.501708984375;0.0;64.0
src/main/java/net/sf/jabref/external/AutoSetLinks.java;1;0.0;0.5;3.5;0.0;4.0
src/main/java/net/sf/jabref/collab/EntryChange.java;1;0.0;0.3305785123966943;27.797979797979796;0.0;33.0
src/main/java/net/sf/jabref/importer/fetcher/ISBNtoBibTeXFetcher.java;1;0.36385255648038073;0.8085612366230684;8.753864447086798;133.91200951248507;29.0
src/main/java/net/sf/jabref/collab/StringRemoveChange.java;1;0.0;0.0;8.175619834710748;0.0;22.0
src/main/java/net/sf/jabref/collab/PreambleChange.java;1;0.0;0.0;0.9480968858131485;0.0;17.0
src/main/java/net/sf/jabref/logic/util/date/TimeStamp.java;1;0.888888888888889;2.0;80.22222222222221;0.0;3.0
src/main/java/net/sf/jabref/Defaults.java;1;0.0;0.0;0.0;0.0;1.0
src/main/java/net/sf/jabref/importer/fileformat/FreeCiteImporter.java;1;0.41103299080584105;0.41103299080584105;29.825851811790155;0.0;43.0
src/main/java/net/sf/jabref/specialfields/SpecialField.java;1;0.3305785123966942;12.694214876033056;36.776859504132226;0.0;11.0
src/main/java/net/sf/jabref/specialfields/Quality.java;1;0.05246913580246914;0.05246913580246914;2.8765432098765418;80.0;18.0
src/main/java/net/sf/jabref/logic/remote/RemotePreferences.java;1;0.0;0.0;0.0;0.0;3.0
src/main/java/net/sf/jabref/logic/util/date/EasyDateFormat.java;1;0.0;0.0;0.36;0.0;10.0
src/main/java/net/sf/jabref/importer/fetcher/ACMPortalFetcher.java;3;7.339600000000007;19.14559999999998;740.7636000000001;890.5599999999997;50.0
src/main/java/net/sf/jabref/logic/util/io/FileUtil.java;5;3.598024691358024;83.71555555555558;817.7777777777778;0.0;45.0
src/main/java/net/sf/jabref/model/entry/CustomEntryType.java;8;5.902456390174436;232.99679601281605;2650.3987184051257;20.28907084371662;53.0
src/main/java/net/sf/jabref/specialfields/Printed.java;1;0.04986149584487535;0.04986149584487535;3.4958448753462577;43.08033240997232;19.0
src/main/java/net/sf/jabref/specialfields/Relevance.java;1;0.05246913580246914;0.05246913580246914;2.3611111111111125;32.0;18.0
src/main/java/net/sf/jabref/exporter/ExportFormat.java;1;0.20408163265306128;0.4223240316534779;41.47188671386923;0.0;49.0
src/main/java/net/sf/jabref/logic/cleanup/FieldFormatterCleanup.java;2;10.214400000000008;37.19999999999999;404.72000000000014;0.0;25.0
src/main/java/net/sf/jabref/importer/fetcher/GoogleScholarFetcher.java;1;1.0646913580246917;5.3599999999999985;33.71654320987651;24.26469135802469;45.0
src/main/java/net/sf/jabref/logic/xmp/XMPSchemaBibtex.java;1;0.0;0.10275824770146026;14.255273120605727;0.0;43.0
src/main/java/net/sf/jabref/logic/layout/format/WrapFileLinks.java;1;0.0;3.5555555555555567;28.850321395775936;0.0;33.0
src/main/java/net/sf/jabref/logic/formatter/bibtexfields/HtmlToLatexFormatter.java;1;0.1875;0.1875;3.0;0.0;4.0
src/main/java/net/sf/jabref/logic/layout/format/FileLink.java;1;0.0;0.0;4.847499999999998;0.0;20.0
src/main/java/net/sf/jabref/sql/DBStrings.java;1;3.387755102040816;3.387755102040816;90.9795918367347;0.0;14.0
src/main/java/net/sf/jabref/logic/util/io/FileHistory.java;1;0.0;5.111111111111111;32.320987654320994;0.0;9.0
src/main/java/net/sf/jabref/logic/preferences/LastFocusedTabPreferences.java;1;0.0;0.0;0.0;0.0;2.0
src/main/java/net/sf/jabref/logic/util/VersionPreferences.java;1;0.0;0.0;0.0;0.0;1.0
src/main/java/net/sf/jabref/importer/OpenDatabaseAction.java;1;3.75316990701606;15.29308054582781;231.68023185605614;0.0;91.0
src/main/java/net/sf/jabref/gui/PreviewPanel.java;1;2.1928166351606833;11.876496534341518;180.1134215500946;0.0;69.0
src/main/java/net/sf/jabref/gui/FetcherPreviewDialog.java;1;0.0;0.0;82.61094674556213;46.013313609467474;26.0
src/main/java/net/sf/jabref/logic/groups/GroupTreeNode.java;9;35.719135802469125;179.24305555555554;3017.608024691358;0.0;36.0
src/main/java/net/sf/jabref/logic/bibtex/BibEntryWriter.java;9;2.40058131853613;286.6304663760073;3124.8619368476698;281.7862333201204;87.0
src/main/java/net/sf/jabref/JabRefExecutorService.java;1;0.05859375;0.05859375;12.875;0.0;16.0
src/main/java/net/sf/jabref/collab/MetaDataChange.java;1;1.8367346938775508;1.8367346938775508;25.904761904761905;0.0;21.0
src/main/java/net/sf/jabref/logic/labelpattern/AbstractLabelPattern.java;1;7.1833910034602075;26.79584775086505;227.04498269896197;0.0;17.0
src/main/java/net/sf/jabref/gui/undo/UndoableInsertString.java;1;0.0;0.0;13.280276816608998;0.0;17.0
src/main/java/net/sf/jabref/importer/DatabaseFileLookup.java;1;0.02324263038548752;10.646258503401368;109.60997732426308;0.0;42.0
src/main/java/net/sf/jabref/gui/undo/UndoableInsertEntry.java;1;0.0;0.0;0.56;2.1599999999999997;15.0
src/main/java/net/sf/jabref/logic/CustomEntryTypesManager.java;1;0.5605536332179931;1.5224913494809689;156.69896193771626;0.0;17.0
src/main/java/net/sf/jabref/gui/FileListEntry.java;1;1.8024691358024694;1.333333333333333;12.54320987654321;0.0;9.0
src/main/java/net/sf/jabref/logic/labelpattern/GlobalLabelPattern.java;1;0.0;1.0;11.222222222222221;0.0;6.0
src/main/java/net/sf/jabref/cli/ArgumentProcessor.java;1;0.0;0.22222222222222224;6.805555555555555;0.0;6.0
src/main/java/net/sf/jabref/model/entry/BibEntry.java;9;33.68010733705248;267.96624532165765;3238.78963350046;225.74281477296802;119.0
src/main/java/net/sf/jabref/gui/desktop/JabRefDesktop.java;20;19.77144891420437;544.7789248843001;10913.12210751156;359.84336062655774;53.0
src/main/java/net/sf/jabref/logic/groups/SearchGroup.java;2;0.6521739130434783;38.15737240075614;481.5406427221177;70.03071833648393;46.0
src/main/java/net/sf/jabref/exporter/SaveSession.java;1;0.6778670562454346;4.346238130021914;34.24835646457267;0.0;37.0
src/main/java/net/sf/jabref/importer/fetcher/DOItoBibTeXFetcher.java;1;0.5159545700378583;0.9421308815575986;21.113034072471617;68.89453758788532;43.0
src/main/java/net/sf/jabref/logic/layout/format/NameFormatter.java;1;0.16493055555555558;1.484375;82.109375;0.0;24.0
src/main/java/net/sf/jabref/importer/fetcher/DiVAtoBibTeXFetcher.java;1;0.3186682520808562;0.3186682520808562;22.230677764565996;133.88109393579063;29.0
src/main/java/net/sf/jabref/importer/fileformat/BibtexImporter.java;1;0.9550173010380623;10.207612456747407;263.7716262975778;0.0;17.0
src/main/java/net/sf/jabref/logic/TypedBibEntry.java;1;4.0;13.840000000000002;263.29;0.0;10.0
src/main/java/net/sf/jabref/sql/DatabaseUtil.java;1;0.16;0.06222222222222221;25.2;0.0;15.0
src/main/java/net/sf/jabref/logic/cleanup/UpgradePdfPsToFileCleanup.java;1;0.5555555555555556;5.0;249.88888888888886;0.0;6.0
src/main/java/net/sf/jabref/logic/bibtex/FieldContentParser.java;5;0.31550068587105606;203.5089163237312;552.331961591221;0.0;27.0
src/main/java/net/sf/jabref/gui/worker/AbstractWorker.java;1;0.0;0.0;0.12244897959183668;0.0;7.0
src/main/java/net/sf/jabref/logic/util/OS.java;1;0.8788927335640142;7.3079584775086515;109.23183391003464;0.0;17.0
src/main/java/net/sf/jabref/logic/layout/format/LatexToUnicodeFormatter.java;10;1.7487244897959187;2.775510204081632;7173.285714285714;376.43239795918373;28.0
src/main/java/net/sf/jabref/gui/EntryTypeDialog.java;1;2.531775018261505;2.6574141709276833;117.27684441197955;0.0;37.0
src/main/java/net/sf/jabref/importer/fetcher/CrossrefFetcherEvaluator.java;1;0.0;0.0;0.0;0.0;1.0
src/main/java/net/sf/jabref/gui/undo/UndoableFieldChange.java;1;0.23765432098765435;0.23765432098765435;14.728395061728396;2.4320987654320985;18.0
src/main/java/net/sf/jabref/gui/undo/UndoableStringChange.java;1;0.0;0.0;5.107438016528925;0.0;11.0
src/main/java/net/sf/jabref/gui/entryeditor/EntryEditorTabList.java;1;0.0;0.0;0.4691358024691358;0.0;9.0
src/main/java/net/sf/jabref/collab/Change.java;1;0.234375;0.234375;3.609375;0.0;16.0
src/main/java/net/sf/jabref/JabRefException.java;1;0.0;0.0;0.0;0.0;2.0
src/main/java/net/sf/jabref/model/database/BibDatabaseMode.java;1;4.0;10.240000000000002;105.75999999999999;0.0;5.0
src/main/java/net/sf/jabref/logic/cleanup/FileLinksCleanup.java;1;0.1388888888888889;1.25;97.0;0.0;6.0
src/main/java/net/sf/jabref/importer/EntryFromExternalFileCreator.java;1;0.0;0.0;0.234375;0.0;8.0
src/main/java/net/sf/jabref/importer/fetcher/EntryFetcher.java;1;0.12244897959183673;0.0;0.20408163265306117;0.0;7.0
src/main/java/net/sf/jabref/gui/desktop/os/NativeDesktop.java;1;0.25;0.0;0.25;0.0;2.0
src/main/java/net/sf/jabref/importer/fileformat/BibtexParser.java;3;11.817708333333337;71.59678819444446;376.55319251543216;841.4744888117289;144.0
src/main/java/net/sf/jabref/logic/layout/LayoutEntry.java;9;0.8495867768595042;502.58181818181816;3330.6988429752064;79.09289256198348;55.0
src/main/java/net/sf/jabref/gui/maintable/MainTable.java;5;9.307476051645146;19.60599750104124;784.2262598917115;0.0;98.0
src/main/java/net/sf/jabref/logic/integrity/IntegrityCheck.java;13;22.297172912557524;180.3563445101907;4731.835634451019;238.8639053254438;39.0
src/main/java/net/sf/jabref/gui/groups/GroupTreeNodeViewModel.java;10;121.06574394463664;543.8961937716261;6773.051903114186;0.0;17.0
src/main/java/net/sf/jabref/importer/fetcher/OAI2Fetcher.java;1;0.37303785780240034;0.5029239766081876;12.386580486303478;0.0;57.0
src/main/java/net/sf/jabref/importer/fetcher/MedlineFetcher.java;1;0.2880859375;0.4375;26.359375;71.9677734375;32.0
src/main/java/net/sf/jabref/logic/layout/format/HTMLChars.java;1;0.0736;8.761600000000001;161.12;141.44000000000003;25.0
src/main/java/net/sf/jabref/logic/openoffice/OOPreFormatter.java;10;0.13888888888888887;14.089999999999998;6866.805555555555;323.9566666666666;30.0
src/main/java/net/sf/jabref/gui/preftabs/ImportSettingsTab.java;1;0.0;3.7229916897506925;165.9445983379501;0.0;19.0
src/main/java/net/sf/jabref/logic/layout/format/RTFChars.java;1;0.1875;0.5815972222222221;8.039930555555557;69.33333333333333;24.0
src/main/java/net/sf/jabref/importer/fetcher/GVKFetcher.java;5;3.5432525951557126;17.937716262975805;1102.9342560553632;46.06228373702421;17.0
src/main/java/net/sf/jabref/logic/net/URLDownload.java;1;0.5399305555555555;2.9375;114.859375;117.63888888888886;24.0
src/main/java/net/sf/jabref/importer/fetcher/ADSFetcher.java;1;0.3125;0.109375;15.24609375;0.0;32.0
src/main/java/net/sf/jabref/importer/fetcher/CiteSeerXFetcher.java;1;0.3272461650840028;0.32724616508400317;11.510591672753838;37.234477720964215;37.0
src/main/java/net/sf/jabref/importer/fetcher/SpringerFetcher.java;4;3.1024930747922426;17.462603878116322;1192.565096952908;397.2465373961218;19.0
src/main/java/net/sf/jabref/importer/fetcher/DBLPFetcher.java;1;1.1224732461355527;2.1878715814506546;39.23424494649226;26.803804994054722;29.0
src/main/java/net/sf/jabref/importer/fetcher/DOAJFetcher.java;1;0.6543209876543209;1.888888888888888;129.08950617283955;257.9506172839506;18.0
src/main/java/net/sf/jabref/importer/fetcher/ScienceDirectFetcher.java;1;0.3395918367346938;0.8163265306122449;16.062040816326526;55.44816326530611;35.0
src/main/java/net/sf/jabref/importer/fetcher/INSPIREFetcher.java;3;3.710000000000003;4.369375000000003;62.544374999999974;690.11;40.0
src/main/java/net/sf/jabref/gui/maintable/PersistenceTableColumnListener.java;1;0.0;0.0;3.24609375;0.0;16.0
src/main/java/net/sf/jabref/JabRefMain.java;8;0.2437673130193906;15.008310249307478;1976.7590027700826;0.0;19.0
src/main/java/net/sf/jabref/logic/layout/format/RemoveLatexCommands.java;1;0.0;0.0;5.289256198347107;7.520661157024793;11.0
src/main/java/net/sf/jabref/logic/remote/server/RemoteListenerServerLifecycle.java;1;0.234375;0.234375;15.0;0.0;8.0
src/main/java/net/sf/jabref/gui/groups/UndoableModifySubtree.java;1;0.05536332179930796;0.4982698961937716;16.24221453287197;0.0;17.0
src/main/java/net/sf/jabref/importer/ConvertLegacyExplicitGroups.java;1;0.0;0.0;0.0;0.0;1.0
src/main/java/net/sf/jabref/model/entry/EntryUtil.java;2;2.234375;29.0;318.08984375;0.0;16.0
src/main/java/net/sf/jabref/gui/actions/MnemonicAwareAction.java;1;0.0;0.23668639053254437;5.562130177514795;0.0;13.0
src/main/java/net/sf/jabref/pdfimport/PdfFileFilter.java;1;0.0;0.0;1.3333333333333333;0.0;9.0
src/main/java/net/sf/jabref/importer/UnlinkedPDFFileFilter.java;1;0.0;0.0;2.359375;0.0;8.0
src/main/java/net/sf/jabref/logic/labelpattern/DatabaseLabelPattern.java;1;0.0;0.888888888888889;10.25;0.0;6.0
src/main/java/net/sf/jabref/importer/fileformat/ParseException.java;1;0.0;0.0;0.0;0.0;1.0
src/main/java/net/sf/jabref/gui/BasePanelMode.java;1;0.0;0.0;0.0;0.0;1.0
src/main/java/net/sf/jabref/gui/ImportInspectionDialog.java;9;10.655234419542998;75.52177536072985;3813.516161571858;575.2985395377398;151.0
src/main/java/net/sf/jabref/gui/entryeditor/EntryEditor.java;9;15.55737192836318;88.10128592253213;3671.646683673466;72.48979591836735;196.0
src/main/java/net/sf/jabref/logic/openoffice/OOBibStyle.java;2;2.769183673469384;4.569183673469388;427.3477551020407;0.0;70.0
src/main/java/net/sf/jabref/importer/fileformat/MedlinePlainImporter.java;4;6.457544618712818;95.12709572742023;1142.6425094645756;527.7371552190374;43.0
src/main/java/net/sf/jabref/importer/fileformat/RisImporter.java;3;0.08264462809917354;0.11776859504132231;142.77066115702488;368.3450413223141;44.0
src/main/java/net/sf/jabref/logic/bibtex/comparator/FieldComparator.java;1;1.2430555555555554;4.208333333333333;30.526041666666664;0.0;48.0
src/main/java/net/sf/jabref/logic/formatter/bibtexfields/UnitsToLatexFormatter.java;1;1.5275000000000003;0.8275000000000002;28.49;15.39;20.0
src/main/java/net/sf/jabref/logic/openoffice/StyleLoader.java;1;0.41;1.96;35.489999999999995;0.0;10.0
src/main/java/net/sf/jabref/logic/formatter/bibtexfields/NormalizeDateFormatter.java;1;3.8181818181818183;3.8181818181818183;74.99173553719007;0.0;11.0
src/main/java/net/sf/jabref/logic/formatter/bibtexfields/NormalizePagesFormatter.java;3;4.426303854875282;3.2970521541950104;113.32426303854875;532.8072562358278;21.0
src/main/java/net/sf/jabref/gui/undo/UndoableRemoveString.java;1;0.0;0.0;13.280276816608998;28.027681660899667;17.0
src/main/java/net/sf/jabref/gui/undo/UndoableRemoveEntry.java;1;0.0;0.0;0.5625;2.21484375;16.0
src/main/java/net/sf/jabref/logic/formatter/casechanger/ProtectTermsFormatter.java;1;0.7257617728531854;1.7229916897506925;19.8781163434903;34.0;19.0
src/main/java/net/sf/jabref/gui/undo/UndoablePreambleChange.java;1;0.0;0.0;3.1005917159763325;28.213017751479295;13.0
src/main/java/net/sf/jabref/gui/undo/CountingUndoManager.java;1;0.0;0.0;0.984375;0.0;8.0
src/main/java/net/sf/jabref/logic/formatter/bibtexfields/LatexCleanupFormatter.java;1;0.8888888888888888;0.8888888888888888;19.222222222222218;0.0;6.0
src/main/java/net/sf/jabref/logic/formatter/bibtexfields/NormalizeMonthFormatter.java;1;0.984375;0.984375;25.25;0.0;8.0
src/main/java/net/sf/jabref/logic/layout/format/RisAuthors.java;1;0.0;0.0;2.0987654320987645;0.0;9.0
src/main/java/net/sf/jabref/logic/layout/format/RisKeywords.java;1;0.0;0.0;1.7777777777777781;0.0;9.0
src/main/java/net/sf/jabref/importer/fetcher/PreviewEntryFetcher.java;1;0.0;0.0;0.13888888888888887;0.0;6.0
src/main/java/net/sf/jabref/exporter/ExportComparator.java;1;0.0;0.0;0.56;0.0;5.0
src/main/java/net/sf/jabref/logic/groups/TreeNode.java;5;11.918367346938775;62.69387755102039;1058.8163265306123;0.0;7.0
src/main/java/net/sf/jabref/importer/PostOpenAction.java;1;0.0;0.0;0.0;0.0;3.0
src/main/java/net/sf/jabref/gui/groups/GroupSelector.java;15;46.57502362948961;489.54477788279763;23865.79525047259;14.376181474480198;92.0
src/main/java/net/sf/jabref/gui/openoffice/OOBibBase.java;13;15.863519143027169;77.4421741717914;4548.572505455267;0.0;71.0
src/main/java/net/sf/jabref/logic/formatter/casechanger/CaseKeeperList.java;1;0.0;0.109375;0.109375;0.0;8.0
src/main/java/net/sf/jabref/bst/VM.java;7;1.174375;1.444375;1946.5900000000001;4315.51;40.0
src/main/java/net/sf/jabref/model/entry/BibLatexEntryTypes.java;22;0.0;2008.140495867768;13703.611570247931;45562.67975206613;22.0
src/main/java/net/sf/jabref/gui/preftabs/TableColumnsTab.java;2;3.108024691358026;1.7775848765432105;296.08159722222194;60.0;72.0
src/main/java/net/sf/jabref/gui/keyboard/EmacsKeyBindings.java;1;0.0;6.913580246913582;71.4722222222222;0.8888888888888886;18.0
src/main/java/net/sf/jabref/gui/openoffice/OpenOfficePanel.java;18;50.43490275268362;223.3242640025508;15083.752789882028;0.0;97.0
src/main/java/net/sf/jabref/gui/journals/ManageJournalsPanel.java;1;2.870891003460208;3.261894463667819;145.42971453287214;0.0;68.0
src/main/java/net/sf/jabref/gui/plaintextimport/TextInputDialog.java;9;1.1467764060356649;4.109129705837528;3754.2472184118274;151.0123456790126;81.0
src/main/java/net/sf/jabref/logic/util/strings/HTMLUnicodeConversionMaps.java;1;0.09876543209876547;2.9876543209876534;56.91358024691356;0.0;9.0
src/main/java/net/sf/jabref/importer/fileformat/MedlineHandler.java;8;0.4418145956607494;0.44181459566074965;2227.788297172916;0.0;39.0
src/main/java/net/sf/jabref/gui/fieldeditors/FileListEditor.java;1;1.9648028514145688;4.490532412564044;232.54488750278438;91.95811984851885;67.0
src/main/java/net/sf/jabref/gui/openoffice/StyleSelectDialog.java;4;1.752033326720888;31.313231501686165;1486.9264034913704;308.286054354295;71.0
src/main/java/net/sf/jabref/gui/maintable/MainTableSelectionListener.java;2;0.0987654320987655;8.870903825636342;528.0740740740744;0.0;81.0
src/main/java/net/sf/jabref/gui/mergeentries/MergeEntries.java;4;6.31638888888889;90.18222222222221;1340.2141666666666;0.0;60.0
src/main/java/net/sf/jabref/importer/fileformat/PdfContentImporter.java;1;1.0710743801652889;2.9170247933884306;93.79702479338843;0.0;55.0
src/main/java/net/sf/jabref/gui/groups/GroupDialog.java;1;0.12109375;2.806396484375;74.031005859375;0.0;64.0
src/main/java/net/sf/jabref/gui/ContentSelectorDialog2.java;2;0.5464389837567678;0.45397750937109527;361.1278633902542;0.0;49.0
src/main/java/net/sf/jabref/gui/search/SearchResultsDialog.java;3;0.22383217993079607;0.6487889273356404;55.174740484429;430.19117647058823;68.0
src/main/java/net/sf/jabref/gui/EntryCustomizationDialog.java;2;0.0;19.64334027055153;423.8511966701354;0.0;62.0
src/main/java/net/sf/jabref/gui/StringDialog.java;2;0.31437269668322326;1.555199487261659;496.6502163114886;0.0;79.0
src/main/java/net/sf/jabref/importer/fetcher/GVKParser.java;12;2.340000000000003;424.11000000000007;6045.447500000003;37.24000000000004;20.0
src/main/java/net/sf/jabref/gui/entryeditor/FieldExtraComponents.java;9;2.963579604578564;85.32154006243499;3378.0478668054116;129.3527575442247;31.0
src/main/java/net/sf/jabref/gui/groups/GroupsTree.java;2;1.6204986149584488;12.76454293628809;322.12811634349026;0.0;38.0
src/main/java/net/sf/jabref/external/SynchronizeFileField.java;6;0.922839506172839;0.499807098765432;28.17110339506172;2564.598765432102;72.0
src/main/java/net/sf/jabref/gui/autocompleter/AutoCompleteListener.java;1;0.06858710562414266;4.866941015089164;86.1728395061728;0.0;27.0
src/main/java/net/sf/jabref/gui/actions/ManageKeywordsAction.java;1;0.7866805411030178;2.0918314255983357;59.34963579604575;0.0;62.0
src/main/java/net/sf/jabref/external/ExternalFileTypeEditor.java;1;0.6167800453514739;0.8486394557823131;48.48299319727885;0.0;42.0
src/main/java/net/sf/jabref/importer/fileformat/IsiImporter.java;1;0.37326388888888895;0.09331597222222222;20.22873263888892;43.83159722222226;48.0
src/main/java/net/sf/jabref/exporter/SaveDatabaseAction.java;1;0.07638888888888888;0.24826388888888887;78.77777777777779;81.32388117283945;72.0
src/main/java/net/sf/jabref/gui/FileListEntryEditor.java;1;0.0;0.1329639889196676;35.850415512465325;0.0;57.0
src/main/java/net/sf/jabref/gui/entryeditor/EntryEditorTab.java;3;1.723832179930796;5.893382352941177;107.32352941176471;355.16522491349474;68.0
src/main/java/net/sf/jabref/model/database/BibDatabase.java;5;4.221470836855452;37.82731554160127;626.334500664171;0.0;91.0
src/main/java/net/sf/jabref/model/entry/AuthorListParser.java;1;0.0;9.387755102040815;37.06122448979591;0.0;7.0
src/main/java/net/sf/jabref/gui/FieldSetComponent.java;1;2.0899999999999994;1.2722222222222226;55.91222222222223;58.63999999999998;30.0
src/main/java/net/sf/jabref/gui/search/SearchBar.java;19;56.284297520661106;514.7517355371896;9912.017851239663;0.0;55.0
src/main/java/net/sf/jabref/logic/mods/MODSEntry.java;3;0.17283950617283947;37.274691358024675;116.16666666666666;329.4899691358024;36.0
src/main/java/net/sf/jabref/logic/layout/LayoutHelper.java;8;0.0;2.3310657596371858;2141.793650793651;127.55102040816342;42.0
src/main/java/net/sf/jabref/logic/layout/format/Authors.java;1;0.24691358024691348;0.15089163237311387;124.72702331961588;0.0;27.0
src/main/java/net/sf/jabref/importer/ImportCustomizationDialog.java;1;0.0;0.20999999999999985;34.921600000000005;0.0;50.0
src/main/java/net/sf/jabref/logic/msbib/MSBibEntry.java;20;6.404459823144943;742.4459823144945;11890.915801614763;1088.6789696270653;51.0
src/main/java/net/sf/jabref/gui/preftabs/NameFormatterTab.java;1;2.4987654320987653;1.6246913580246911;30.69333333333333;101.25728395061726;45.0
src/main/java/net/sf/jabref/gui/preftabs/FileTab.java;5;3.2916171224732445;17.627824019024967;948.9753269916762;0.0;58.0
src/main/java/net/sf/jabref/importer/fileformat/BiblioscapeImporter.java;1;0.10380622837370242;0.5363321799307957;161.47145328719736;173.89619377162643;34.0
src/main/java/net/sf/jabref/gui/preftabs/GeneralTab.java;1;0.09876543209876544;1.2373113854595337;173.59430727023317;0.0;54.0
src/main/java/net/sf/jabref/gui/preftabs/TablePrefsTab.java;1;0.0;2.5306122448979593;98.83265306122449;0.0;35.0
src/main/java/net/sf/jabref/gui/openoffice/AutoDetectPaths.java;4;0.83829096809086;161.22011898323427;1267.965386695511;0.0;43.0
src/main/java/net/sf/jabref/gui/actions/MassSetFieldAction.java;2;0.8436992969172525;44.549486208761486;338.3396430502974;0.0;43.0
src/main/java/net/sf/jabref/gui/menus/RightClickMenu.java;21;3.7429322813938177;187.65170940170938;8961.65811965812;5512.4229125575375;78.0
src/main/java/net/sf/jabref/bst/BibtexNameFormatter.java;1;0.0;0.3288888888888889;35.582222222222214;0.0;15.0
src/main/java/net/sf/jabref/external/DownloadExternalFile.java;1;0.11282578875171469;0.8055555555555559;22.472222222222243;0.0;54.0
src/main/java/net/sf/jabref/importer/fetcher/GeneralFetcher.java;1;0.15532544378698226;0.07544378698224852;98.40051775147928;0.0;52.0
src/main/java/net/sf/jabref/logic/util/strings/UnicodeToReadableCharMap.java;19;0.1875;0.1875;10296.1875;0.0;4.0
src/main/java/net/sf/jabref/gui/groups/EntryTableTransferHandler.java;1;0.0;2.787452677122768;121.04813412655486;63.514332071389894;43.0
src/main/java/net/sf/jabref/gui/dbproperties/DatabasePropertiesDialog.java;13;0.0;35.72195555555554;4507.071288888889;961.9555555555545;75.0
src/main/java/net/sf/jabref/gui/cleanup/FieldFormatterCleanupsPanel.java;13;28.309171597633146;149.81360946745562;4888.512943786984;0.0;52.0
src/main/java/net/sf/jabref/gui/preftabs/EntryEditorPrefsTab.java;1;0.0;0.9157127991675339;103.34443288241418;0.0;31.0
src/main/java/net/sf/jabref/gui/preftabs/AppearancePrefsTab.java;2;0.09204470742932283;2.589086127547666;437.78829717291245;0.0;39.0
src/main/java/net/sf/jabref/external/push/PushToApplicationButton.java;8;9.965811965811966;39.07034845496382;1736.4694280078886;0.0;39.0
src/main/java/net/sf/jabref/logic/util/strings/RtfCharMap.java;10;0.1388888888888889;0.1388888888888889;7245.555555555553;0.0;6.0
src/main/java/net/sf/jabref/model/entry/Author.java;5;0.6875;175.6875;1039.25;0.0;4.0
src/main/java/net/sf/jabref/importer/fileformat/RepecNepImporter.java;1;0.0;0.6089778258518117;14.883720930232558;0.0;43.0
src/main/java/net/sf/jabref/gui/preftabs/PreferencesDialog.java;1;0.1051459122298953;0.42503898418355973;38.7141902428157;0.0;67.0
src/main/java/net/sf/jabref/model/entry/AuthorList.java;16;35.08264462809917;2388.4271694214876;27050.237086776862;0.0;44.0
src/main/java/net/sf/jabref/external/ExternalFileTypeEntryEditor.java;1;0.0;1.196734693877551;79.56244897959185;0.0;35.0
src/main/java/net/sf/jabref/importer/fileformat/EndnoteImporter.java;1;0.28402366863905326;0.24589086127547663;95.37804076265621;145.56344510190658;39.0
src/main/java/net/sf/jabref/sql/importer/DatabaseImporter.java;1;0.1146315414738341;2.054111783552866;197.52865788536843;0.0;53.0
src/main/java/net/sf/jabref/external/WriteXMPAction.java;1;0.8976000000000001;0.5904;28.52039999999999;14.342399999999994;50.0
src/main/java/net/sf/jabref/gui/labelpattern/LabelPatternPanel.java;1;0.9924385633270328;1.5841209829867664;46.11909262759924;0.0;46.0
src/main/java/net/sf/jabref/gui/preftabs/PreviewPrefsTab.java;1;0.0;0.0;83.59566326530613;0.0;56.0
src/main/java/net/sf/jabref/bst/BibtexCaseChanger.java;1;2.1224489795918373;9.188208616780043;63.96371882086163;46.65759637188207;21.0
src/main/java/net/sf/jabref/gui/maintable/MainTableDataModel.java;2;0.2222222222222222;33.55555555555556;291.25;0.0;6.0
src/main/java/net/sf/jabref/gui/preftabs/FontSelectorDialog.java;5;10.775510204081632;27.952806122448976;901.0344387755101;0.0;28.0
src/main/java/net/sf/jabref/model/DuplicateCheck.java;1;1.9149305555555562;81.98914930555554;210.87109375;0.0;48.0
src/main/java/net/sf/jabref/logic/openoffice/OOUtil.java;1;0.74;2.7974999999999994;59.749375000000036;0.0;40.0
src/main/java/net/sf/jabref/cli/JabRefCLI.java;1;1.204081632653061;1.204081632653061;93.1938775510204;0.0;28.0
src/main/java/net/sf/jabref/importer/ImportMenuItem.java;5;0.0;55.15817263544536;757.4694674012853;0.0;66.0
src/main/java/net/sf/jabref/gui/preftabs/XmpPrefsTab.java;1;0.0;0.16409036860879905;34.43281807372176;13.398335315101091;29.0
src/main/java/net/sf/jabref/sql/DBConnectDialog.java;1;0.0;0.50156087408949;32.541103017689885;0.0;31.0
src/main/java/net/sf/jabref/gui/openoffice/CitationManager.java;1;6.443213296398891;13.443213296398893;198.45429362880884;50.640581717451525;38.0
src/main/java/net/sf/jabref/gui/SidePaneManager.java;1;0.9012244897959185;4.991020408163264;23.55428571428572;0.0;35.0
src/main/java/net/sf/jabref/bst/BibtexWidth.java;1;0.0;0.234375;15.4375;0.0;8.0
src/main/java/net/sf/jabref/gui/auximport/FromAuxDialog.java;4;16.29387269482451;14.907792980368827;1171.0196311719214;0.0;41.0
src/main/java/net/sf/jabref/importer/fileformat/OvidImporter.java;1;0.09000000000000001;4.14;40.147499999999994;134.3275;40.0
src/main/java/net/sf/jabref/gui/ReplaceStringDialog.java;1;0.21551020408163266;0.21551020408163263;12.2334693877551;0.0;35.0
src/main/java/net/sf/jabref/external/RegExpFileSearch.java;1;0.24977043158861345;2.0459136822773187;66.16161616161615;191.3406795224977;33.0
src/main/java/net/sf/jabref/logic/search/rules/GrammarBasedSearchRule.java;5;11.602040816326541;58.45280612244899;671.3813775510204;0.0;28.0
src/main/java/net/sf/jabref/exporter/OpenDocumentRepresentation.java;3;0.0;0.1189060642092747;8.739595719381684;695.4815695600474;29.0
src/main/java/net/sf/jabref/exporter/OOCalcDatabase.java;3;0.0;0.5184304399524376;4.822829964328179;666.6634958382879;29.0
src/main/java/net/sf/jabref/gui/PreambleEditor.java;1;0.0;0.1994459833795014;15.671052631578947;124.43559556786704;38.0
src/main/java/net/sf/jabref/gui/DuplicateSearch.java;1;0.24986479177934026;3.387777176852353;70.11141157382363;0.0;43.0
src/main/java/net/sf/jabref/gui/groups/AutoGroupDialog.java;1;6.230709876543216;8.166666666666666;233.84876543209873;0.0;36.0
src/main/java/net/sf/jabref/importer/fileformat/JSONEntryParser.java;4;0.23668639053254448;76.69378698224855;1128.4866863905324;233.9467455621301;26.0
src/main/java/net/sf/jabref/external/MoveFileAction.java;1;0.0;0.9352648257129926;28.069714803078313;0.0;47.0
src/main/java/net/sf/jabref/migrations/FileLinksUpgradeWarning.java;1;0.5135802469135803;0.7950617283950616;64.86617283950616;0.0;45.0
src/main/java/net/sf/jabref/exporter/CustomExportDialog.java;1;3.715555555555555;3.7155555555555555;77.08888888888889;0.0;30.0
src/main/java/net/sf/jabref/gui/groups/GroupAddRemoveDialog.java;1;0.027755102040816326;0.32979591836734695;54.942040816326546;0.0;35.0
src/main/java/net/sf/jabref/importer/fileformat/SilverPlatterImporter.java;1;0.10122448979591839;0.0783673469387755;18.79673469387758;24.215510204081635;35.0
src/main/java/net/sf/jabref/gui/autocompleter/AutoCompleteSupport.java;13;28.160000000000007;204.99555555555557;5103.022222222221;0.0;15.0
src/main/java/net/sf/jabref/model/entry/BibtexEntryTypes.java;23;0.09000000000000001;1426.7122222222217;37734.488888888896;25346.60999999999;30.0
src/main/java/net/sf/jabref/sql/importer/DbImportAction.java;1;0.017538265306122448;0.017538265306122448;13.320153061224502;0.0;56.0
src/main/java/net/sf/jabref/gui/maintable/SpecialMainTableColumns.java;1;0.0;1.2686980609418277;100.57617728531856;0.0;19.0
src/main/java/net/sf/jabref/gui/GenFieldsCustomizer.java;1;3.6508400292184073;2.886778670562454;106.79181884587288;0.0;37.0
src/main/java/net/sf/jabref/exporter/ExportCustomizationDialog.java;1;0.0;0.0;20.590000000000003;0.0;40.0
src/main/java/net/sf/jabref/gui/preftabs/NetworkTab.java;5;0.08999999999999996;33.46222222222222;697.5122222222219;0.0;30.0
src/main/java/net/sf/jabref/gui/preftabs/AdvancedTab.java;4;0.2980277574872169;2.35646457268079;1165.918918918919;0.0;74.0
src/main/java/net/sf/jabref/gui/fieldeditors/TextField.java;1;0.9307479224376733;2.094182825484765;42.14404432132962;216.67936288088643;38.0
src/main/java/net/sf/jabref/collab/FileUpdateMonitor.java;1;0.5931321540062439;1.4755463059313227;6.901144640998957;0.0;31.0
src/main/java/net/sf/jabref/importer/ZipFileChooser.java;1;0.0;0.0;33.17333333333333;0.0;30.0
src/main/java/net/sf/jabref/importer/AppendDatabaseAction.java;1;0.0;3.1822235434007142;34.78240190249703;0.0;58.0
src/main/java/net/sf/jabref/gui/EntryMarker.java;1;0.13527575442247658;0.9927159209157125;43.76482830385016;0.0;31.0
src/main/java/net/sf/jabref/gui/UrlDragDrop.java;1;0.0;0.12244897959183672;5.727891156462585;75.80045351473923;21.0
src/main/java/net/sf/jabref/external/push/PushToEmacs.java;1;1.0274999999999999;0.5400000000000004;81.14000000000003;62.244375000000026;40.0
src/main/java/net/sf/jabref/gui/actions/CleanupAction.java;5;1.9930795847750844;26.795847750865025;970.9550173010382;0.0;17.0
src/main/java/net/sf/jabref/gui/preftabs/ColorSetupPanel.java;1;0.0;0.0;40.1111111111111;0.0;18.0
src/main/java/net/sf/jabref/gui/FileDialogs.java;1;0.0;0.2653061224489795;79.67346938775509;0.0;14.0
src/main/java/net/sf/jabref/gui/preftabs/LabelPatternPrefTab.java;1;0.0;0.0;3.4422476586888653;0.0;31.0
src/main/java/net/sf/jabref/sql/database/PostgreSQL.java;1;0.0;0.0;0.0;0.0;1.0
src/main/java/net/sf/jabref/gui/mergeentries/MergeEntryDOIDialog.java;3;0.5325443786982249;12.908612754766587;785.8435239973702;741.9737015121634;39.0
src/main/java/net/sf/jabref/logic/autocompleter/NameFieldAutoCompleter.java;1;0.1875;4.706597222222222;86.52083333333333;0.0;24.0
src/main/java/net/sf/jabref/logic/groups/ExplicitGroup.java;4;11.4360499702558;93.31469363474122;1303.461035098156;60.13444378346226;41.0
src/main/java/net/sf/jabref/gui/preftabs/GroupsPrefsTab.java;1;0.0;0.0;4.5;0.0;12.0
src/main/java/net/sf/jabref/gui/fieldeditors/JTextAreaWithHighlighting.java;1;2.25;6.845555555555554;94.93333333333334;21.128888888888884;30.0
src/main/java/net/sf/jabref/collab/ChangeDisplayDialog.java;1;0.0;0.0;20.958677685950413;0.0;22.0
src/main/java/net/sf/jabref/sql/database/MySQL.java;1;0.0;0.0;0.0;2.25;2.0
src/main/java/net/sf/jabref/sql/SQLUtil.java;1;0.22773186409550045;4.986225895316803;158.8374655647383;0.0;33.0
src/main/java/net/sf/jabref/external/push/AbstractPushToApplication.java;5;9.686400000000006;22.358399999999993;900.0896000000001;0.0;25.0
src/main/java/net/sf/jabref/gui/cleanup/CleanupPresetPanel.java;4;1.775147928994082;26.0828402366864;1444.4852071005917;0.0;13.0
src/main/java/net/sf/jabref/gui/DragDropPane.java;1;0.0;0.0;15.04888888888889;0.0;15.0
src/main/java/net/sf/jabref/exporter/OpenDocumentSpreadsheetCreator.java;1;0.0;0.6331360946745562;16.94674556213018;132.78254437869828;26.0
src/main/java/net/sf/jabref/importer/ParserResult.java;1;10.8271484375;12.9287109375;131.375;0.0;32.0
src/main/java/net/sf/jabref/gui/DuplicateResolverDialog.java;8;2.7566162570888473;11.87948960302457;2470.466918714556;0.0;46.0
src/main/java/net/sf/jabref/external/push/PushToVim.java;1;2.2243750000000007;1.3375000000000001;66.36;59.59937499999998;40.0
src/main/java/net/sf/jabref/logic/util/strings/XmlCharsMap.java;8;0.16000000000000003;0.16000000000000003;2061.36;0.0;5.0
src/main/java/net/sf/jabref/importer/fileformat/InspecImporter.java;1;0.10651974288337925;0.10651974288337925;16.966023875114765;101.85858585858583;33.0
src/main/java/net/sf/jabref/importer/fileformat/CopacImporter.java;1;0.40828402366863914;0.10207100591715977;7.130177514792899;108.5207100591716;26.0
src/main/java/net/sf/jabref/gui/maintable/MainTableColumn.java;2;5.652366863905331;24.86390532544379;443.17159763313606;0.0;26.0
src/main/java/net/sf/jabref/gui/GUIGlobals.java;10;7.971450617283944;74.3333333333334;6941.553819444444;41.956597222222165;72.0
src/main/java/net/sf/jabref/gui/keyboard/KeyBindingsDialog.java;1;0.0;0.0;0.25;0.0;4.0
src/main/java/net/sf/jabref/logic/msbib/MSBibConverter.java;1;0.0;0.0;0.0;0.0;1.0
src/main/java/net/sf/jabref/gui/EntryTypeList.java;1;0.0;0.3571428571428571;25.07142857142857;46.20408163265307;28.0
src/main/java/net/sf/jabref/gui/FieldContentSelector.java;1;0.0;0.08264462809917357;39.20844811753904;0.0;33.0
src/main/java/net/sf/jabref/gui/labelpattern/ResolveDuplicateLabelDialog.java;1;0.03443877551020408;0.16709183673469388;16.463010204081634;0.0;28.0
src/main/java/net/sf/jabref/external/WriteXMPEntryEditorAction.java;1;0.0;0.47107438016528924;8.794938016528922;14.45196280991736;44.0
src/main/java/net/sf/jabref/logic/auxparser/AuxParser.java;8;8.708918062471705;38.04255319148936;1733.2304210049797;0.0;47.0
src/main/java/net/sf/jabref/gui/fieldeditors/FileListEditorTransferHandler.java;1;0.0;0.2255859375;9.62109375;30.99609375;32.0
src/main/java/net/sf/jabref/gui/keyboard/KeyBinding.java;1;0.0;0.0;2.21;0.0;10.0
src/main/java/net/sf/jabref/gui/groups/GroupTreeCellRenderer.java;2;0.7053061224489795;31.37142857142857;381.96408163265295;0.0;35.0
src/main/java/net/sf/jabref/exporter/OpenOfficeDocumentCreator.java;1;0.0;0.7100591715976331;19.02514792899408;158.24852071005898;26.0
src/main/java/net/sf/jabref/gui/fieldeditors/TextArea.java;1;1.93359375;3.4375;83.8037109375;96.80859375;32.0
src/main/java/net/sf/jabref/logic/msbib/MSBibMapping.java;1;0.0;0.0;0.0;0.0;2.0
src/main/java/net/sf/jabref/logic/util/Version.java;1;0.234375;0.1875;4.4375;0.0;8.0
src/main/java/net/sf/jabref/gui/groups/UndoableAddOrRemoveGroup.java;1;0.22222222222222215;0.8888888888888891;17.0895061728395;0.0;18.0
src/main/java/net/sf/jabref/gui/maintable/MainTableFormat.java;19;8.179443359375;716.0224609375;9443.0068359375;0.0;64.0
src/main/java/net/sf/jabref/model/entry/BibtexSingleField.java;1;0.0;0.0;0.0;0.0;5.0
src/main/java/net/sf/jabref/model/EntryTypes.java;1;12.539930555555554;32.75;173.10416666666666;0.0;24.0
src/main/java/net/sf/jabref/exporter/ExportToClipboardAction.java;1;0.0;0.19834710743801645;51.67923553719009;0.0;44.0
src/main/java/net/sf/jabref/importer/ImportFormats.java;1;0.0;0.0663265306122449;12.959183673469393;0.0;28.0
src/main/java/net/sf/jabref/JabRefPreferencesFilterDialog.java;1;0.0;0.0;9.1875;0.0;4.0
src/main/java/net/sf/jabref/logic/layout/Layout.java;1;0.0;8.89700511322133;74.54784514243973;56.56245434623815;37.0
src/main/java/net/sf/jabref/logic/bibtex/comparator/EntryComparator.java;1;0.0;0.3654729109274563;7.985307621671249;0.0;33.0
src/main/java/net/sf/jabref/model/entry/FileField.java;2;4.512396694214876;64.38016528925621;469.8181818181818;0.0;11.0
src/main/java/net/sf/jabref/logic/search/SearchQuery.java;2;19.387755102040813;25.693877551020407;370.4948979591836;0.0;14.0
src/main/java/net/sf/jabref/gui/worker/SendAsEMailAction.java;1;0.0;0.0;20.260724698042484;0.0;49.0
src/main/java/net/sf/jabref/gui/preftabs/ExternalTab.java;5;0.0;0.9266493055555555;672.1662326388888;0.0;48.0
src/main/java/net/sf/jabref/gui/MergeDialog.java;1;6.8125;3.359375;107.1875;0.0;16.0
src/main/java/net/sf/jabref/model/entry/BibtexString.java;1;0.984375;0.984375;34.21484375;0.0;16.0
src/main/java/net/sf/jabref/gui/fieldeditors/contextmenu/FieldTextMenu.java;8;29.201101928374673;64.98622589531682;2238.0661157024792;150.77685950413226;33.0
src/main/java/net/sf/jabref/logic/msbib/MSBibDatabase.java;1;0.7256235827664398;0.7256235827664398;2.8072562358276634;0.0;21.0
src/main/java/net/sf/jabref/external/push/PushToLyx.java;1;5.859375;4.609375;71.58984375;155.5;32.0
src/main/java/net/sf/jabref/gui/util/component/VerticalLabelUI.java;1;0.6734693877551021;1.5153061224489792;55.816326530612244;0.0;14.0
src/main/java/net/sf/jabref/gui/openoffice/AdvancedCiteDialog.java;1;0.0;0.0;15.385802469135799;0.0;18.0
src/main/java/net/sf/jabref/logic/util/DOI.java;5;6.105263157894736;12.53185595567867;1039.4570637119114;0.0;19.0
src/main/java/net/sf/jabref/logic/mods/PersonName.java;1;0.0;0.0;7.800453514739228;0.0;21.0
src/main/java/net/sf/jabref/gui/SaveOrderConfigDisplay.java;1;0.1388888888888889;3.4722222222222214;128.55555555555554;0.0;6.0
src/main/java/net/sf/jabref/logic/msbib/BibTeXConverter.java;1;0.0;0.0;0.0;0.0;1.0
src/main/java/net/sf/jabref/logic/search/rules/describer/GrammarBasedSearchRuleDescriber.java;1;0.0;0.0;0.6020761245674741;0.0;17.0
src/main/java/net/sf/jabref/logic/journals/JournalAbbreviationRepository.java;1;0.5802469135802468;3.0617283950617282;57.33333333333333;0.0;18.0
src/main/java/net/sf/jabref/logic/cleanup/RenamePdfCleanup.java;2;0.5600000000000005;15.395555555555552;442.6488888888888;0.0;15.0
src/main/java/net/sf/jabref/logic/groups/AbstractGroup.java;1;0.4090368608799048;2.1331747919143873;24.225921521997627;0.0;29.0
src/main/java/net/sf/jabref/logic/net/Cookie.java;1;0.16;0.19555555555555554;7.928888888888889;0.0;15.0
src/main/java/net/sf/jabref/importer/fetcher/CrossRef.java;1;1.56;10.89;230.21;0.0;10.0
src/main/java/net/sf/jabref/model/entry/MonthUtil.java;5;5.289256198347107;18.59504132231405;612.7438016528926;0.0;11.0
src/main/java/net/sf/jabref/logic/openoffice/OpenOfficeFileSearch.java;2;2.859375;63.5;392.4375;0.0;8.0
src/main/java/net/sf/jabref/importer/CustomImporter.java;5;43.551020408163275;50.81632653061225;895.5510204081631;0.0;7.0
src/main/java/net/sf/jabref/gui/preftabs/FileSortTab.java;11;0.0;31.7724609375;8205.4755859375;774.734375;32.0
src/main/java/net/sf/jabref/external/ExternalFileMenuItem.java;1;0.0;0.06858710562414266;4.307270233196156;0.0;27.0
src/main/java/net/sf/jabref/logic/fulltext/ArXiv.java;5;0.4722222222222222;19.47222222222222;763.3888888888887;213.55555555555554;12.0
src/main/java/net/sf/jabref/gui/groups/AddToGroupAction.java;1;0.84;2.69;54.449999999999996;0.0;30.0
src/main/java/net/sf/jabref/gui/keyboard/KeyBindingPreferences.java;1;0.0;0.24691358024691357;5.506172839506172;0.0;9.0
src/main/java/net/sf/jabref/gui/mergeentries/MergeEntriesDialog.java;3;0.7006172839506173;8.302469135802472;669.0208333333333;762.3973765432104;36.0
src/main/java/net/sf/jabref/gui/help/AboutDialog.java;5;22.89888888888889;32.11666666666667;1029.8266666666668;0.0;30.0
src/main/java/net/sf/jabref/importer/AutosaveStartupPrompter.java;1;0.0;4.559546313799622;36.86200378071834;0.0;23.0
src/main/java/net/sf/jabref/importer/fileformat/MedlineImporter.java;1;0.13440000000000002;0.13440000000000002;2.966399999999999;54.64000000000002;25.0
src/main/java/net/sf/jabref/importer/OAI2Handler.java;1;0.0;0.21484375;3.4375;0.0;16.0
src/main/java/net/sf/jabref/JabRefPreferencesFilter.java;4;2.0;50.0;1221.2222222222222;0.0;6.0
src/main/java/net/sf/jabref/gui/util/PositionWindow.java;1;0.4375;0.984375;29.734375;0.0;8.0
src/main/java/net/sf/jabref/migrations/PreferencesMigrations.java;4;1.1715976331360949;31.514792899408278;1182.0946745562135;0.0;13.0
src/main/java/net/sf/jabref/gui/labelpattern/SearchFixDuplicateLabels.java;1;0.0;0.02629656683710738;3.329437545653762;0.0;37.0
src/main/java/net/sf/jabref/gui/WrapLayout.java;1;0.0;0.25;23.88888888888889;0.0;6.0
src/main/java/net/sf/jabref/logic/autocompleter/AbstractAutoCompleter.java;1;0.22684310018903583;2.72211720226843;59.391304347826086;0.0;23.0
src/main/java/net/sf/jabref/importer/fileformat/ImportFormat.java;1;0.603305785123967;4.239669421487602;27.454545454545457;0.0;22.0
src/main/java/net/sf/jabref/gui/ClipBoardManager.java;1;0.1775147928994083;5.751479289940829;227.7751479289941;0.0;13.0
src/main/java/net/sf/jabref/logic/journals/AbbreviationParser.java;1;0.12244897959183673;0.1683673469387755;30.2295918367347;0.0;14.0
src/main/java/net/sf/jabref/gui/entryeditor/EntryEditorTabFocusListener.java;1;0.0;0.0;7.289999999999999;0.0;10.0
src/main/java/net/sf/jabref/model/FieldChange.java;5;2.16;69.36;600.0;0.0;5.0
src/main/java/net/sf/jabref/gui/worker/MarkEntriesAction.java;1;0.0;0.0;21.830400000000004;0.0;25.0
src/main/java/net/sf/jabref/specialfields/SpecialFieldDropDown.java;1;0.0;0.0;1.1020408163265305;0.0;7.0
src/main/java/net/sf/jabref/gui/help/NewVersionDialog.java;1;0.0;0.0;0.0;0.0;1.0
src/main/java/net/sf/jabref/gui/BibtexKeyPatternDialog.java;1;0.0;0.0;19.705215419501133;0.0;21.0
src/main/java/net/sf/jabref/gui/menus/FileHistoryMenu.java;1;0.1875;18.75;243.1875;0.0;24.0
src/main/java/net/sf/jabref/gui/search/SearchWorker.java;4;12.159763313609485;112.57544378698229;1260.6094674556211;0.0;26.0
src/main/java/net/sf/jabref/gui/desktop/os/Linux.java;1;0.3888888888888887;2.0763888888888875;36.74305555555556;0.0;12.0
src/main/java/net/sf/jabref/external/push/PushToApplicationAction.java;1;0.0;0.2492283950617283;1.6874999999999991;0.0;36.0
src/main/java/net/sf/jabref/external/FindFullTextAction.java;1;0.0;6.25;49.02162629757787;0.0;34.0
src/main/java/net/sf/jabref/logic/groups/AllEntriesGroup.java;1;0.5856000000000003;4.854399999999999;71.2736;115.11040000000001;25.0
src/main/java/osx/macadapter/MacAdapter.java;5;9.0;36.0;1074.2222222222222;0.0;6.0
src/main/java/net/sf/jabref/logic/fulltext/ScienceDirect.java;5;0.6982248520710059;8.792899408284024;800.5207100591716;0.0;13.0
src/main/java/net/sf/jabref/gui/groups/TransferableEntrySelection.java;1;0.0;0.18359375;2.859375;0.0;16.0
src/main/java/net/sf/jabref/logic/formatter/bibtexfields/UnicodeToLatexFormatter.java;1;0.5599999999999999;0.56;14.010000000000003;77.76;10.0
src/main/java/net/sf/jabref/gui/worker/VersionWorker.java;1;0.0;0.0;0.0;0.0;1.0
src/main/java/net/sf/jabref/importer/fileformat/BibTeXMLHandler.java;1;0.9109274563820017;0.3911845730027549;5.390266299357208;0.0;33.0
src/main/java/net/sf/jabref/logic/search/SearchQueryHighlightObservable.java;1;0.24691358024691357;0.3950617283950617;20.02469135802469;0.0;9.0
src/main/java/net/sf/jabref/gui/menus/ChangeEntryTypeMenu.java;1;0.24305555555555558;0.638888888888889;31.576388888888893;0.0;12.0
src/main/java/net/sf/jabref/gui/SidePaneComponent.java;1;2.642857142857143;1.2040816326530608;88.42346938775509;0.0;28.0
src/main/java/net/sf/jabref/logic/formatter/casechanger/Word.java;1;0.0;0.0;3.5555555555555554;0.0;3.0
src/main/java/net/sf/jabref/gui/actions/IntegrityCheckAction.java;2;0.8888888888888891;5.135802469135803;483.8765432098765;0.0;9.0
src/main/java/net/sf/jabref/logic/cleanup/MoveFilesCleanup.java;1;0.0;0.0;6.0;1.0;4.0
src/main/java/net/sf/jabref/logic/layout/format/XMLChars.java;1;0.0;0.04535147392290249;15.582766439909296;0.0;21.0
src/main/java/net/sf/jabref/importer/fileformat/BibTeXMLImporter.java;1;0.10560000000000001;0.10560000000000001;4.454399999999999;74.19840000000003;25.0
src/main/java/net/sf/jabref/gui/renderer/GeneralRenderer.java;1;0.23140495867768598;0.23140495867768598;10.793388429752063;0.0;11.0
src/main/java/net/sf/jabref/importer/fetcher/INSPIREBibtexFilterReader.java;3;0.0;0.23140495867768598;8.62809917355372;468.5950413223141;11.0
src/main/java/net/sf/jabref/logic/auxparser/AuxParserResult.java;1;1.44;1.44;12.96;0.0;5.0
src/main/java/net/sf/jabref/gui/actions/BrowseAction.java;1;1.3840830449826975;1.3840830449827004;30.11764705882353;0.0;17.0
src/main/java/net/sf/jabref/gui/autocompleter/ListAutoCompleteRenderer.java;5;4.9586776859504145;24.0;974.6942148760329;0.0;11.0
src/main/java/net/sf/jabref/gui/OpenFileFilter.java;1;0.29333333333333333;3.528888888888889;51.84888888888889;0.0;15.0
src/main/java/net/sf/jabref/gui/WaitForSaveOperation.java;1;0.0;0.0;2.21301775147929;0.0;13.0
src/main/java/net/sf/jabref/gui/actions/Actions.java;5;0.0;0.0;781.3518005540166;0.0;19.0
src/main/java/net/sf/jabref/logic/cleanup/CleanupWorker.java;5;2.8888888888888884;39.076388888888886;646.8055555555554;0.0;12.0
src/main/java/net/sf/jabref/gui/entryeditor/SimpleUrlDragDrop.java;1;0.0;0.0;2.596938775510204;67.28571428571428;14.0
src/main/java/net/sf/jabref/collab/FileUpdatePanel.java;1;0.062222222222222213;0.062222222222222213;3.0933333333333333;0.0;15.0
src/main/java/net/sf/jabref/gui/SidePane.java;1;0.0;0.12244897959183673;11.821428571428571;0.0;14.0
src/main/java/net/sf/jabref/logic/net/CookieHandlerImpl.java;1;0.0;0.17751479289940827;2.366863905325444;0.0;13.0
src/main/java/net/sf/jabref/model/database/DuplicationChecker.java;1;0.0;0.0;0.0;0.0;2.0
src/main/java/net/sf/jabref/gui/cleanup/CleanupActionsListModel.java;1;1.3541666666666665;7.666666666666666;82.07638888888889;0.0;12.0
src/main/java/net/sf/jabref/sql/DbConnectAction.java;1;0.0;0.0;1.1428571428571428;0.0;21.0
src/main/java/net/sf/jabref/model/entry/IEEETranEntryTypes.java;2;0.0;11.70666666666666;304.91555555555556;44.0;15.0
src/main/java/net/sf/jabref/gui/keyboard/KeyBindingRepository.java;1;0.0;0.0;2.25;0.0;2.0
src/main/java/net/sf/jabref/logic/openoffice/CitationEntry.java;1;0.0;0.0;0.0;0.0;3.0
src/main/java/net/sf/jabref/logic/formatter/Formatters.java;1;0.0;0.0;1.0;0.0;2.0
src/main/java/net/sf/jabref/logic/journals/Abbreviation.java;1;2.25;3.1875;17.166666666666664;0.0;12.0
src/main/java/net/sf/jabref/gui/actions/NewEntryAction.java;2;2.1503999999999976;6.585600000000003;399.30240000000003;0.0;25.0
src/main/java/net/sf/jabref/importer/fileformat/PdfXmpImporter.java;1;2.28395061728395;2.28395061728395;140.44444444444443;0.0;18.0
src/main/java/net/sf/jabref/specialfields/SpecialFieldAction.java;1;0.0;0.42750000000000005;1.74;0.0;20.0
src/main/java/net/sf/jabref/logic/formatter/casechanger/TitleParser.java;1;0.0;0.0;0.0;0.0;3.0
src/main/java/net/sf/jabref/gui/search/JTextFieldChangeListenerUtil.java;1;0.0;0.0;11.25;0.0;4.0
src/main/java/net/sf/jabref/logic/mods/MODSDatabase.java;1;0.08264462809917356;0.08264462809917356;0.18181818181818182;0.0;11.0
src/main/java/net/sf/jabref/bst/BibtexPurify.java;1;0.0;0.16000000000000003;1.8399999999999999;0.0;5.0
src/main/java/net/sf/jabref/logic/fulltext/IEEE.java;1;0.0;4.410000000000001;27.0;0.0;10.0
src/main/java/net/sf/jabref/model/entry/ParsedFileField.java;1;0.0;0.0;0.0;0.0;1.0
src/main/java/net/sf/jabref/gui/maintable/PreventDraggingJTableHeader.java;2;0.6363636363636364;79.74380165289254;357.754132231405;0.0;22.0
src/main/java/net/sf/jabref/gui/plaintextimport/TagToMarkedTextStore.java;1;0.81;0.81;1.29;0.0;10.0
src/main/java/net/sf/jabref/gui/help/HelpAction.java;1;1.8284023668639056;3.0369822485207094;114.64053254437873;0.0;26.0
src/main/java/net/sf/jabref/logic/layout/format/Iso690NamesAuthors.java;1;0.1487603305785124;0.1487603305785124;0.5619834710743803;0.0;11.0
src/main/java/net/sf/jabref/exporter/SaveException.java;1;1.1715976331360949;2.082840236686391;32.71005917159764;0.0;13.0
src/main/java/net/sf/jabref/gui/journals/AbbreviateAction.java;1;0.0;0.0;6.743801652892563;0.7438016528925614;22.0
src/main/java/net/sf/jabref/logic/fulltext/DoiResolution.java;2;0.13017751479289932;6.378698224852066;410.284023668639;0.0;13.0
src/main/java/net/sf/jabref/logic/groups/GroupsUtil.java;1;0.07100591715976332;4.86390532544379;130.08284023668634;0.0;13.0
src/main/java/net/sf/jabref/logic/formatter/bibtexfields/RemoveBracesFormatter.java;1;0.8;0.8;16.240000000000002;0.0;5.0
src/main/java/net/sf/jabref/gui/TransferableBibtexEntry.java;1;0.0;0.0;5.731568998109641;0.0;23.0
src/main/java/net/sf/jabref/model/entry/BibLatexEntryType.java;5;20.440000000000005;37.160000000000004;642.3600000000001;295.21;10.0
src/main/java/net/sf/jabref/gui/actions/ErrorConsoleAction.java;1;0.0;0.0;0.0;0.0;10.0
src/main/java/net/sf/jabref/importer/ImportFileFilter.java;1;0.9600000000000002;5.41;72.96000000000001;0.0;10.0
src/main/java/net/sf/jabref/gui/keyboard/KeyBindingTableModel.java;1;0.0;0.0;0.0;0.0;2.0
src/main/java/net/sf/jabref/logic/remote/shared/Protocol.java;1;0.0;0.0;8.4375;0.0;8.0
src/main/java/net/sf/jabref/importer/CheckForNewEntryTypesAction.java;1;0.0;0.0;13.780718336483934;0.0;23.0
src/main/java/net/sf/jabref/exporter/ExportFileFilter.java;1;0.81;3.45;41.89000000000001;0.0;10.0
src/main/java/net/sf/jabref/logic/layout/format/GetOpenOfficeType.java;1;0.0;0.0;84.4375;79.734375;8.0
src/main/java/net/sf/jabref/logic/mods/PageNumbers.java;1;0.0;0.0;0.75;0.0;12.0
src/main/java/net/sf/jabref/logic/remote/server/RemoteListenerServer.java;1;0.0;0.24691358024691357;2.8395061728395063;0.0;9.0
src/main/java/net/sf/jabref/gui/journals/UnabbreviateAction.java;1;0.0;0.0;6.743801652892563;0.33057851239669417;22.0
src/main/java/net/sf/jabref/gui/actions/AutoLinkFilesAction.java;1;0.0;0.0;12.546398891966756;0.0;38.0
src/main/java/net/sf/jabref/gui/maintable/ListSynchronizer.java;1;0.5761772853185595;0.45429362880886426;22.587257617728532;0.0;19.0
src/main/java/net/sf/jabref/logic/search/rules/RegexBasedSearchRule.java;1;0.13888888888888884;4.719135802469136;63.58333333333333;0.0;18.0
src/main/java/net/sf/jabref/gui/groups/WarnAssignmentSideEffects.java;25;590.7545725068959;15556.185694585554;198796.19774277825;485.47307301495164;166.0
src/main/java/net/sf/jabref/gui/util/component/JTextFieldWithUnfocusedText.java;2;5.638888888888887;10.222222222222221;439.57638888888897;0.0;12.0
src/main/java/net/sf/jabref/gui/ParserResultWarningDialog.java;1;1.25;1.8055555555555554;16.333333333333332;0.0;6.0
src/main/java/net/sf/jabref/logic/cleanup/DoiCleanup.java;1;0.24793388429752064;0.24793388429752064;0.4132231404958677;0.0;11.0
src/main/java/net/sf/jabref/logic/formatter/minifier/MinifyNameListFormatter.java;1;1.2839506172839508;0.6666666666666667;30.469135802469136;242.17283950617278;9.0
src/main/java/net/sf/jabref/exporter/ModsExportFormat.java;1;0.0;0.1983471074380165;9.247933884297519;4.22520661157025;22.0
src/main/java/net/sf/jabref/exporter/MSBibExportFormat.java;1;0.0;0.21172022684310024;9.603024574669186;20.079395085066164;23.0
src/main/java/net/sf/jabref/bst/BibtexTextPrefix.java;1;0.0;0.0;0.3333333333333333;0.0;6.0
src/main/java/net/sf/jabref/gui/keyboard/KeyBindingsListener.java;1;0.0;0.0;0.0;0.0;3.0
src/main/java/net/sf/jabref/importer/fileformat/MsBibImporter.java;1;0.16;0.1275;6.7475;0.0;20.0
src/main/java/net/sf/jabref/logic/cleanup/RelativePathsCleanup.java;2;0.5555555555555556;5.0;283.25;64.88888888888889;6.0
src/main/java/net/sf/jabref/gui/groups/UndoableChangeAssignment.java;1;0.9099999999999998;0.4;10.510000000000002;0.0;20.0
src/main/java/net/sf/jabref/logic/search/rules/describer/ContainsAndRegexBasedSearchRuleDescriber.java;1;0.23268698060941828;0.23268698060941828;2.5761772853185594;0.0;19.0
src/main/java/net/sf/jabref/logic/fulltext/FindFullText.java;9;5.639805300162251;121.03839913466739;3867.4396971335864;0.0;43.0
src/main/java/net/sf/jabref/logic/util/strings/QuotedStringTokenizer.java;1;0.0;0.0;0.8099999999999998;0.0;10.0
src/main/java/net/sf/jabref/gui/undo/UndoableKeyChange.java;1;0.0;0.0;2.520710059171598;1.6094674556213022;13.0
src/main/java/net/sf/jabref/gui/groups/UndoableModifyGroup.java;1;0.0;0.0;4.429752066115702;0.0;11.0
src/main/java/net/sf/jabref/gui/desktop/os/Windows.java;1;0.15999999999999998;4.800000000000001;69.36;0.0;10.0
src/main/java/net/sf/jabref/logic/search/rules/ContainBasedSearchRule.java;1;0.0;0.3055555555555555;2.6666666666666665;0.0;12.0
src/main/java/net/sf/jabref/importer/fetcher/DBLPHelper.java;1;0.0;0.0;0.7612456747404844;0.0;17.0
src/main/java/net/sf/jabref/logic/l10n/Languages.java;1;0.24489795918367344;3.918367346938775;67.95918367346938;0.0;7.0
src/main/java/net/sf/jabref/exporter/SaveAllAction.java;1;0.0;0.0;10.706597222222223;0.0;24.0
src/main/java/net/sf/jabref/gui/groups/UndoableMoveGroup.java;1;0.0;0.0;5.854166666666666;0.0;12.0
src/main/java/net/sf/jabref/model/entry/BibtexEntryType.java;26;18.196675900277008;2696.551939058172;117686.39404432126;35982.93421052631;38.0
src/main/java/net/sf/jabref/logic/util/BuildInfo.java;1;1.5099999999999998;2.1475000000000004;52.150000000000006;0.0;20.0
src/main/java/net/sf/jabref/logic/l10n/EncodingControl.java;2;0.75;5.5;371.1875;0.0;4.0
src/main/java/net/sf/jabref/logic/fulltext/GoogleScholar.java;2;0.1983471074380165;4.9586776859504145;362.62809917355366;0.0;11.0
src/main/java/net/sf/jabref/exporter/RtfSelection.java;1;0.0;0.0;1.5;0.0;8.0
src/main/java/net/sf/jabref/logic/fulltext/SpringerLink.java;2;0.22222222222222224;2.0;410.8888888888888;0.0;12.0
src/main/java/net/sf/jabref/external/TransferableFileLinkSelection.java;1;0.0;0.08740894901144641;2.289281997918835;0.0;31.0
src/main/java/net/sf/jabref/logic/logging/Cache.java;1;0.0;0.12244897959183672;1.9591836734693875;0.0;7.0
src/main/java/net/sf/jabref/logic/search/rules/SentenceAnalyzer.java;1;0.0;0.0;0.0;0.0;7.0
src/main/java/net/sf/jabref/gui/journals/UndoableAbbreviator.java;1;0.0;0.0;0.234375;0.0;8.0
src/main/java/net/sf/jabref/logic/cleanup/BiblatexCleanup.java;1;0.0;0.234375;0.984375;0.0;8.0
src/main/java/net/sf/jabref/importer/ImportInspectionCommandLine.java;1;0.05859375;0.05859375;2.484375;0.0;16.0
src/main/java/net/sf/jabref/logic/layout/AbstractParamLayoutFormatter.java;1;0.0;0.0;0.8099999999999998;0.0;10.0
src/main/java/net/sf/jabref/logic/layout/format/CreateDocBookAuthors.java;2;0.1508916323731139;3.772290809327846;323.5061728395061;0.0;27.0
src/main/java/net/sf/jabref/gui/fieldeditors/HtmlTransferable.java;1;0.0;0.0;0.0;0.0;8.0
src/main/java/net/sf/jabref/logic/integrity/ISSNChecker.java;1;0.0;0.0;0.0;0.0;1.0
src/main/java/net/sf/jabref/gui/fieldeditors/PreviewPanelTransferHandler.java;1;0.0;0.0;0.16000000000000003;0.0;10.0
src/main/java/net/sf/jabref/logic/net/URLUtil.java;3;0.25;0.25;2.25;676.0;2.0
src/main/java/net/sf/jabref/external/AttachFileAction.java;1;0.0;0.09566326530612246;2.901785714285714;0.0;28.0
src/main/java/net/sf/jabref/logic/util/io/FileBasedLock.java;1;0.0;0.17283950617283952;4.320987654320988;0.0;9.0
src/main/java/net/sf/jabref/bst/FormatNameFunction.java;1;0.0;0.0;0.0826446280991735;0.0;11.0
src/main/java/net/sf/jabref/gui/groups/RemoveFromGroupAction.java;1;0.0;0.0;6.3987603305785115;0.0;22.0
src/main/java/net/sf/jabref/exporter/VerifyingWriter.java;1;0.0;0.0;0.65;0.0;10.0
src/main/java/net/sf/jabref/importer/fetcher/BibsonomyScraper.java;1;0.0;0.0;9.6875;0.0;20.0
src/main/java/net/sf/jabref/gui/desktop/os/OSX.java;1;0.36686390532544366;1.4082840236686387;15.692307692307693;0.0;13.0
src/main/java/net/sf/jabref/logic/layout/format/Ordinal.java;1;0.0;0.0;0.22222222222222224;0.0;3.0
src/main/java/net/sf/jabref/gui/util/component/OverlayPanel.java;1;0.0;0.0;6.408163265306123;0.0;7.0
src/main/java/net/sf/jabref/logic/bibtex/comparator/BibtexStringComparator.java;1;0.0;0.0;3.0532544378698225;0.0;13.0
src/main/java/net/sf/jabref/logic/formatter/bibtexfields/OrdinalsToSuperscriptFormatter.java;1;0.972222222222222;0.5208333333333333;27.243055555555557;152.07638888888886;12.0
src/main/java/net/sf/jabref/logic/formatter/casechanger/TitleCaseFormatter.java;1;2.4722222222222223;4.916666666666666;134.33333333333331;0.0;6.0
src/main/java/net/sf/jabref/gui/date/DatePickerButton.java;1;0.0;0.0;0.07638888888888891;0.0;12.0
src/main/java/net/sf/jabref/gui/search/GlobalSearchWorker.java;1;0.0;0.9876543209876543;1.1358024691358024;0.0;9.0
src/main/java/net/sf/jabref/logic/logging/GuiAppender.java;1;0.0;0.0;2.16;0.0;5.0
src/main/java/net/sf/jabref/logic/formatter/casechanger/LowerCaseFormatter.java;1;5.061224489795919;5.551020408163265;127.6326530612245;0.0;7.0
src/main/java/net/sf/jabref/gui/actions/NewSubDatabaseAction.java;1;0.5950413223140493;1.338842975206613;176.66322314049586;0.0;22.0
src/main/java/net/sf/jabref/specialfields/SpecialFieldUpdateListener.java;1;0.0;0.0;30.595555555555553;0.0;15.0
src/main/java/net/sf/jabref/logic/groups/GroupsParser.java;1;0.0;0.0;0.75;0.0;4.0
src/main/java/net/sf/jabref/gui/util/comparator/IconComparator.java;1;0.0;0.0;0.2933333333333333;0.0;15.0
src/main/java/net/sf/jabref/logic/formatter/IdentityFormatter.java;1;3.734375;3.734375;77.25;88.6875;8.0
src/main/java/net/sf/jabref/logic/remote/client/RemoteListenerClient.java;1;0.0;0.0;0.5950413223140496;0.0;11.0
src/main/java/net/sf/jabref/gui/journals/UndoableUnabbreviator.java;1;0.0;0.0;0.234375;0.0;8.0
src/main/java/net/sf/jabref/logic/util/io/FileFinder.java;9;5.544224765868886;205.50676378772113;3047.159209157128;87.96045785639959;31.0
src/main/java/net/sf/jabref/logic/search/matchers/MatcherSet.java;1;0.9166666666666666;2.8765432098765427;52.8395061728395;0.0;18.0
src/main/java/net/sf/jabref/logic/error/StreamEavesdropper.java;1;0.0;0.0;0.0;0.0;3.0
src/main/java/net/sf/jabref/logic/fulltext/ACS.java;1;0.2222222222222222;2.0;225.28395061728392;0.0;9.0
src/main/java/net/sf/jabref/model/entry/CanonicalBibtexEntry.java;1;0.0;0.0;0.109375;0.0;8.0
src/main/java/net/sf/jabref/logic/groups/EntriesGroupChange.java;1;0.0;0.0;1.0;0.0;4.0
src/main/java/net/sf/jabref/gui/actions/PasteAction.java;1;0.8888888888888888;3.5555555555555554;213.7777777777778;0.0;9.0
src/main/java/net/sf/jabref/gui/actions/SortTabsAction.java;1;0.49826989619377143;1.3840830449826982;69.70934256055364;0.0;17.0
src/main/java/net/sf/jabref/logic/layout/format/AuthorAndsReplacer.java;1;0.0;0.0;0.984375;0.109375;8.0
src/main/java/net/sf/jabref/gui/actions/CopyAction.java;1;0.9256198347107438;8.561983471074381;188.62809917355372;0.0;11.0
src/main/java/net/sf/jabref/gui/desktop/os/DefaultDesktop.java;1;0.1875;0.1875;4.25;0.0;4.0
src/main/java/net/sf/jabref/gui/fieldeditors/FieldEditor.java;1;1.6875;0.0;2.359375;0.0;8.0
src/main/java/net/sf/jabref/logic/layout/format/HTMLParagraphs.java;1;0.0;0.1388888888888889;1.2430555555555556;0.0;12.0
src/main/java/net/sf/jabref/gui/undo/UndoableChangeType.java;1;0.0;0.0;2.330578512396694;0.0;11.0
src/main/java/net/sf/jabref/sql/DBExporterAndImporterFactory.java;1;2.222222222222222;2.222222222222222;70.88888888888889;0.0;6.0
src/main/java/net/sf/jabref/logic/util/io/FileNameCleaner.java;1;0.0;0.0;0.1728395061728394;0.0;9.0
src/main/java/net/sf/jabref/bst/TextPrefixFunction.java;1;0.0;0.0;0.12244897959183668;0.0;7.0
src/main/java/net/sf/jabref/logic/formatter/casechanger/Title.java;1;0.0;0.0;0.25;0.0;2.0
src/main/java/net/sf/jabref/logic/autocompleter/AutoCompleterFactory.java;1;0.42975206611570244;0.33057851239669417;12.41322314049587;0.0;11.0
src/main/java/net/sf/jabref/bst/ChangeCaseFunction.java;1;0.0;0.0;0.484375;0.0;8.0
src/main/java/net/sf/jabref/gui/util/component/CheckBoxMessage.java;1;0.0;0.0;1.2900000000000003;0.0;10.0
src/main/java/net/sf/jabref/logic/autocompleter/ContentAutoCompleters.java;1;0.2430555555555555;1.6388888888888888;23.067708333333332;0.0;24.0
src/main/java/net/sf/jabref/logic/layout/format/CreateBibORDFAuthors.java;1;0.0;0.0;5.26530612244898;0.0;14.0
src/main/java/net/sf/jabref/logic/integrity/IntegrityMessage.java;1;0.12244897959183673;0.12244897959183673;1.9591836734693877;0.0;7.0
src/main/java/net/sf/jabref/gui/util/comparator/RankingFieldComparator.java;1;0.0;0.0;0.09876543209876545;0.0;9.0
src/main/java/net/sf/jabref/logic/layout/format/WrapContent.java;1;0.0;0.1875;7.0;0.0;8.0
src/main/java/net/sf/jabref/logic/layout/format/AuthorAndsCommaReplacer.java;1;0.0;0.0;0.4375;0.109375;8.0
src/main/java/net/sf/jabref/model/database/BibDatabaseModeDetection.java;2;10.284023668639055;75.78698224852072;526.6745562130178;0.0;13.0
src/main/java/net/sf/jabref/logic/formatter/casechanger/CapitalizeFormatter.java;1;2.4722222222222223;2.4722222222222223;79.2222222222222;0.0;6.0
src/main/java/net/sf/jabref/logic/search/DatabaseSearcher.java;1;0.0;0.0;0.9795918367346937;0.0;7.0
src/main/java/net/sf/jabref/logic/autocompleter/DefaultAutoCompleter.java;1;0.05859375;0.05859375;0.62109375;0.0;16.0
src/main/java/net/sf/jabref/importer/fetcher/EntryFetchers.java;1;0.888888888888889;0.888888888888889;191.08333333333331;0.0;12.0
src/main/java/net/sf/jabref/HighlightMatchingGroupPreferences.java;1;0.0;0.0;0.0;0.0;1.0
src/main/java/net/sf/jabref/gui/maintable/MainTableHeaderRenderer.java;1;0.0;0.0;1.0;0.0;2.0
src/main/java/net/sf/jabref/logic/search/MatchesHighlighter.java;1;0.1875;12.0;99.0;0.0;4.0
src/main/java/net/sf/jabref/gui/OSXCompatibleToolbar.java;1;3.555555555555556;5.5555555555555545;46.88888888888889;0.0;3.0
src/main/java/net/sf/jabref/logic/formatter/casechanger/SentenceCaseFormatter.java;1;2.693877551020408;2.693877551020408;84.81632653061224;0.0;7.0
src/main/java/net/sf/jabref/logic/formatter/casechanger/UpperCaseFormatter.java;1;2.4722222222222223;2.4722222222222223;79.2222222222222;0.0;6.0
src/main/java/net/sf/jabref/logic/util/io/XMLUtil.java;1;0.0;0.0;0.0;0.0;4.0
src/main/java/net/sf/jabref/logic/formatter/bibtexfields/ClearFormatter.java;1;4.0;4.0;121.38775510204079;0.0;7.0
src/main/java/net/sf/jabref/logic/formatter/bibtexfields/HtmlToUnicodeFormatter.java;1;0.0;0.0;0.0;0.0;2.0
src/main/java/net/sf/jabref/gui/actions/NewDatabaseAction.java;1;0.7822222222222222;0.7822222222222222;136.59555555555553;0.0;15.0
src/main/java/net/sf/jabref/logic/formatter/bibtexfields/NormalizeNamesFormatter.java;8;1.809917355371901;125.26446280991736;2187.8533057851237;527.504132231405;22.0
src/main/java/net/sf/jabref/model/entry/EntryConverter.java;1;0.22222222222222224;10.888888888888888;186.8888888888889;0.0;3.0
src/main/java/net/sf/jabref/model/entry/FieldProperties.java;1;0.0;0.0;1.8400000000000003;0.0;5.0
src/main/java/net/sf/jabref/gui/util/comparator/FirstColumnComparator.java;1;0.0;0.0;8.193905817174516;0.0;19.0
src/main/java/net/sf/jabref/logic/layout/format/IfPlural.java;1;0.0;0.9795918367346937;7.346938775510204;0.0;7.0
src/main/java/net/sf/jabref/gui/maintable/MainTableNameFormatter.java;1;0.0;4.0;1.6875;0.0;4.0
src/main/java/net/sf/jabref/external/push/PushToLatexEditor.java;5;5.591715976331362;18.79437869822485;752.5325443786982;81.94082840236688;26.0
src/main/java/net/sf/jabref/logic/autocompleter/BibtexKeyAutoCompleter.java;1;0.6785714285714285;0.6785714285714285;6.535714285714286;0.0;14.0
src/main/java/net/sf/jabref/logic/layout/format/CompositeFormat.java;1;0.0;0.0;1.4400000000000004;0.0;10.0
src/main/java/net/sf/jabref/model/entry/EntryType.java;1;8.760000000000002;1.0;36.2;0.0;10.0
src/main/java/net/sf/jabref/gui/fieldeditors/FieldNameLabel.java;1;0.0;0.0;0.5432098765432098;0.0;9.0
src/main/java/net/sf/jabref/logic/groups/MoveGroupChange.java;1;0.0;0.0;0.25;0.0;2.0
src/main/java/net/sf/jabref/gui/groups/UndoableChangeEntriesOfGroup.java;1;0.0;0.0;0.816326530612245;0.0;7.0
src/main/java/net/sf/jabref/logic/autocompleter/AutoCompleters.java;1;0.0;0.0;0.17751479289940827;0.0;13.0
src/main/java/net/sf/jabref/sql/DatabaseType.java;1;0.0;0.0;0.0;0.0;1.0
src/main/java/net/sf/jabref/gui/journals/JournalAbbreviationsUtil.java;1;0.1875;4.6875;232.7430555555555;0.0;12.0
src/main/java/net/sf/jabref/gui/actions/OpenBrowserAction.java;1;0.0;0.0;0.0;0.0;1.0
src/main/java/net/sf/jabref/bst/PurifyFunction.java;1;0.0;0.0;0.13888888888888884;0.0;6.0
src/main/java/net/sf/jabref/bst/WidthFunction.java;1;0.0;0.0;0.12244897959183668;0.0;7.0
src/main/java/net/sf/jabref/cli/AuxCommandLine.java;1;0.0;0.888888888888889;67.52380952380952;0.0;21.0
src/main/java/net/sf/jabref/gui/fieldeditors/FieldEditorFocusListener.java;1;0.24000000000000005;0.24;1.3599999999999994;0.0;10.0
src/main/java/net/sf/jabref/gui/GlobalFocusListener.java;1;0.12244897959183673;0.12244897959183673;1.3469387755102038;0.0;7.0
src/main/java/net/sf/jabref/logic/l10n/LocalizationKeyParams.java;1;0.0;0.0;0.25;0.0;2.0
src/main/java/net/sf/jabref/logic/fulltext/MimeTypeDetector.java;1;0.0;0.24852071005917165;22.899408284023668;0.0;13.0
src/main/java/net/sf/jabref/external/push/PushToWinEdt.java;5;7.1875;21.122448979591837;770.5153061224489;100.27551020408163;28.0
src/main/java/net/sf/jabref/specialfields/SpecialFieldDatabaseChangeListener.java;1;0.0;0.1453287197231834;2.6505190311418687;0.0;17.0
src/main/java/net/sf/jabref/logic/bibtex/comparator/CrossRefEntryComparator.java;1;0.0;0.0;3.4488888888888916;0.0;15.0
src/main/java/net/sf/jabref/model/database/EntrySorter.java;1;1.4897959183673466;9.602040816326529;237.6326530612245;0.0;28.0
src/main/java/net/sf/jabref/logic/logging/JabRefLogger.java;1;0.0;0.0;0.0;0.0;1.0
src/main/java/net/sf/jabref/logic/autocompleter/JournalAutoCompleter.java;1;0.0;0.0;0.0;0.0;1.0
src/main/java/net/sf/jabref/external/push/PushToTexmaker.java;4;12.6875;31.75;1240.6875;81.25;8.0
src/main/java/net/sf/jabref/external/push/PushToTeXstudio.java;8;8.331360946745564;62.24852071005918;1959.7056213017754;239.1139053254438;26.0
src/main/java/net/sf/jabref/logic/remote/server/RemoteListenerServerThread.java;1;0.0;0.0;0.0;0.0;4.0
src/main/java/net/sf/jabref/logic/layout/format/Replace.java;1;0.0;0.24489795918367344;0.2857142857142857;0.0;7.0
src/main/java/net/sf/jabref/logic/error/TeeStream.java;1;0.0;0.0;0.0;0.0;3.0
src/main/java/net/sf/jabref/logic/autocompleter/EntireFieldAutoCompleter.java;1;0.07100591715976332;0.07100591715976327;0.6982248520710059;0.0;13.0
src/main/java/net/sf/jabref/event/FieldChangedEvent.java;1;0.25;0.25;4.0;0.0;2.0
src/main/java/net/sf/jabref/importer/HandleDuplicateWarnings.java;1;0.0;0.0;0.6400000000000002;0.0;10.0
src/main/java/net/sf/jabref/gui/remote/JabRefMessageHandler.java;1;0.13017751479289943;0.5562130177514794;11.905325443786984;0.0;13.0
src/main/java/net/sf/jabref/gui/journals/ManageJournalsAction.java;1;0.0;0.0;0.29757785467128023;0.0;17.0
src/main/java/net/sf/jabref/logic/layout/format/RemoveTilde.java;1;0.0;0.0;0.08999999999999996;0.0;10.0
src/main/java/net/sf/jabref/logic/search/rules/describer/SearchDescribers.java;1;0.0;0.0;0.9600000000000002;0.0;5.0
src/main/java/net/sf/jabref/gui/search/SearchMode.java;1;2.2040816326530615;2.2040816326530615;122.20408163265306;0.0;7.0
src/main/java/net/sf/jabref/logic/layout/format/AuthorOrgSci.java;1;0.0;0.0;0.07638888888888884;0.0;12.0
src/main/java/net/sf/jabref/gui/fieldeditors/contextmenu/CaseChangeMenu.java;1;0.0;0.0;4.719135802469136;0.0;18.0
src/main/java/net/sf/jabref/gui/DragDropPopupPane.java;1;0.46366782006920415;2.2906574394463664;132.87889273356402;0.0;17.0
src/main/java/net/sf/jabref/gui/util/FocusRequester.java;1;0.0;0.0;0.5;0.0;8.0
src/main/java/net/sf/jabref/logic/layout/format/Iso690FormatDate.java;1;0.17283950617283947;0.17283950617283947;0.8888888888888888;0.0;9.0
src/main/java/net/sf/jabref/logic/msbib/MSBibEntryType.java;1;0.0;0.0;0.0;0.0;1.0
src/main/java/net/sf/jabref/model/database/BibDatabases.java;1;0.0;0.0;0.22222222222222224;0.0;3.0
src/main/java/net/sf/jabref/logic/bibtex/comparator/FieldComparatorStack.java;1;0.0;0.0;0.4897959183673467;0.0;7.0
src/main/java/net/sf/jabref/model/entry/IdGenerator.java;1;0.0;0.0;0.0;0.0;6.0
src/main/java/net/sf/jabref/logic/l10n/LocalizationKey.java;1;0.0;0.0;0.8888888888888888;0.0;3.0
src/main/java/net/sf/jabref/logic/net/ProxyAuthenticator.java;1;0.0;0.0;0.8888888888888888;0.0;3.0
src/main/java/net/sf/jabref/external/push/PushToApplication.java;1;0.22222222222222224;0.0;0.576388888888889;0.0;12.0
src/main/java/net/sf/jabref/external/push/PushToApplications.java;1;0.109375;0.109375;0.609375;0.0;8.0
src/main/java/net/sf/jabref/gui/help/AboutAction.java;1;1.0;1.0;81.0;0.0;2.0
src/main/java/net/sf/jabref/gui/actions/ChangeTypeAction.java;1;0.0;0.0;0.0;0.0;5.0
src/main/java/net/sf/jabref/gui/fieldeditors/contextmenu/ConversionMenu.java;1;0.09876543209876545;0.8888888888888891;56.44444444444444;0.0;9.0
src/main/java/net/sf/jabref/sql/importer/DBImporterResult.java;1;1.5555555555555556;1.5555555555555556;13.555555555555554;0.0;3.0
src/main/java/net/sf/jabref/logic/formatter/Formatter.java;1;3.2098765432098766;2.0;30.469135802469136;0.0;9.0
src/main/java/net/sf/jabref/gui/search/HitOrMissComparator.java;1;0.0;0.9467455621301778;8.094674556213016;0.0;13.0
src/main/java/net/sf/jabref/logic/layout/format/LastPage.java;1;0.0;0.0;2.2222222222222223;0.0;6.0
src/main/java/net/sf/jabref/logic/search/rules/SearchRules.java;1;0.0;0.0;1.6875;0.0;4.0
src/main/java/net/sf/jabref/gui/actions/CopyVersionToClipboardAction.java;1;0.0;0.0;0.0;0.0;1.0
src/main/java/net/sf/jabref/event/EntryAddedEvent.java;1;1.0;1.0;25.0;0.0;2.0
src/main/java/net/sf/jabref/logic/layout/format/RemoveWhitespace.java;1;0.0;0.24000000000000005;2.1599999999999997;0.0;5.0
src/main/java/net/sf/jabref/logic/layout/format/RisMonth.java;1;0.0;0.0;0.6913580246913577;0.0;9.0
src/main/java/net/sf/jabref/specialfields/SpecialFieldMenuAction.java;1;0.0;0.0;0.16;0.0;5.0
src/main/java/net/sf/jabref/logic/layout/format/DOICheck.java;1;0.0;0.3379501385041552;7.711911357340719;0.0;19.0
src/main/java/net/sf/jabref/logic/l10n/Encodings.java;5;0.0;0.6875;794.75;0.0;4.0
src/main/java/net/sf/jabref/logic/layout/format/FirstPage.java;1;0.0;0.0;3.0;0.0;4.0
src/main/java/net/sf/jabref/exporter/IExportFormat.java;1;0.062222222222222213;0.0;0.8888888888888891;0.0;15.0
src/main/java/net/sf/jabref/gui/renderer/IncompleteRenderer.java;1;0.0;0.0;0.0;0.0;1.0
src/main/java/net/sf/jabref/gui/net/MonitoredURLDownload.java;1;0.25;1.0;64.0;0.0;2.0
src/main/java/net/sf/jabref/logic/layout/format/NotFoundFormatter.java;1;0.0;0.0;0.12244897959183668;0.0;7.0
src/main/java/net/sf/jabref/logic/net/ProxyRegisterer.java;1;0.0;0.0;0.0;0.0;2.0
src/main/java/net/sf/jabref/logic/layout/format/RemoveBracketsAddComma.java;1;0.0;0.16;10.010000000000002;0.0;10.0
src/main/java/net/sf/jabref/logic/search/matchers/AndMatcher.java;1;0.24305555555555558;3.8888888888888884;43.409722222222236;0.0;12.0
src/main/java/net/sf/jabref/gui/autocompleter/AutoCompleteRenderer.java;1;6.75;0.234375;38.484375;0.0;8.0
src/main/java/net/sf/jabref/logic/layout/format/CurrentDate.java;1;0.0;0.08264462809917354;0.6115702479338843;0.0;11.0
src/main/java/net/sf/jabref/gui/keyboard/KeyBinder.java;1;0.0;0.0;0.0;0.0;1.0
src/main/java/net/sf/jabref/model/database/KeyCollisionException.java;1;0.0;0.0;4.6875;0.0;4.0
src/main/java/net/sf/jabref/logic/search/matchers/OrMatcher.java;1;0.0;0.1875;0.75;0.0;8.0
src/main/java/net/sf/jabref/gui/openoffice/UndefinedBibtexEntry.java;1;0.0;0.0;0.07638888888888888;0.0;12.0
src/main/java/net/sf/jabref/sql/Database.java;1;0.0;0.0;0.0;0.0;1.0
src/main/java/net/sf/jabref/logic/groups/GroupHierarchyType.java;1;0.0;0.0;0.0;0.0;2.0
src/main/java/net/sf/jabref/logic/layout/format/JournalAbbreviator.java;1;0.16000000000000003;0.21000000000000002;6.040000000000001;0.0;10.0
src/main/java/net/sf/jabref/logic/search/matchers/MatcherSets.java;1;0.0;0.0;0.0;0.0;1.0
src/main/java/net/sf/jabref/logic/search/matchers/NotMatcher.java;1;0.0;0.0;0.0;0.0;2.0
src/main/java/net/sf/jabref/logic/layout/format/RemoveBrackets.java;1;0.0;0.0;5.111111111111111;0.0;9.0
src/main/java/net/sf/jabref/gui/actions/SearchForUpdateAction.java;1;0.0;0.0;0.0;0.0;1.0
src/main/java/net/sf/jabref/gui/renderer/CompleteRenderer.java;1;2.25;2.25;42.25;0.0;2.0
src/main/java/net/sf/jabref/logic/layout/format/Default.java;1;0.0;0.0;0.4375;0.0;8.0
src/main/java/net/sf/jabref/logic/util/strings/StringLengthComparator.java;1;0.22222222222222224;2.0;37.55555555555556;0.0;3.0
src/main/java/net/sf/jabref/logic/layout/format/DOIStrip.java;1;0.0;0.0;0.1683673469387755;0.0;14.0
src/main/java/net/sf/jabref/gui/keyboard/KeyBindingTable.java;1;0.22222222222222224;0.22222222222222224;2.0;0.0;3.0
src/main/java/net/sf/jabref/logic/layout/format/Number.java;1;0.0;0.0;0.5555555555555556;0.0;6.0
src/main/java/net/sf/jabref/logic/autocompleter/AutoCompleter.java;1;0.08264462809917356;0.0;0.2314049586776859;0.0;11.0
src/main/java/net/sf/jabref/gui/openoffice/BibEntryNotFoundException.java;1;0.0;0.0;0.0;0.0;6.0
src/main/java/net/sf/jabref/logic/layout/format/CreateDocBookEditors.java;1;0.0;0.0;0.81;0.0;10.0
src/main/java/net/sf/jabref/event/EntryEvent.java;1;0.0;0.0;0.0;0.0;1.0
src/main/java/net/sf/jabref/gui/util/comparator/IsMarkedComparator.java;1;0.0;0.0;0.18181818181818182;0.0;11.0
src/main/java/net/sf/jabref/logic/layout/format/ToLowerCase.java;1;0.0;0.22222222222222224;2.4722222222222223;0.0;6.0
src/main/java/net/sf/jabref/logic/layout/format/ToUpperCase.java;1;0.0;0.24;2.8000000000000003;0.0;5.0
src/main/java/net/sf/jabref/gui/openoffice/UndefinedCharacterFormatException.java;1;0.0;0.0;0.0;0.0;5.0
src/main/java/net/sf/jabref/logic/openoffice/UndefinedParagraphFormatException.java;1;0.0;0.0;0.0;0.0;5.0
src/main/java/net/sf/jabref/logic/layout/format/AuthorAbbreviator.java;1;0.0;0.0;0.109375;0.0;8.0
src/main/java/net/sf/jabref/logic/layout/format/AuthorLF_FF.java;1;0.0;0.0;0.0;0.0;7.0
src/main/java/net/sf/jabref/logic/layout/format/AuthorLF_FFAbbr.java;1;0.0;0.0;0.0;0.0;7.0
src/main/java/net/sf/jabref/gui/search/matchers/EverythingMatcher.java;1;0.0;0.0;0.09876543209876545;0.0;9.0
src/main/java/net/sf/jabref/gui/groups/GroupMatcher.java;1;0.0;0.0;0.09876543209876545;0.0;9.0
src/main/java/net/sf/jabref/gui/search/matchers/SearchMatcher.java;1;0.0;0.0;0.23140495867768598;0.0;11.0
src/main/java/net/sf/jabref/logic/layout/format/AuthorFirstAbbrLastCommas.java;1;0.0;0.0;0.12244897959183668;0.0;7.0
src/main/java/net/sf/jabref/logic/layout/format/AuthorFirstAbbrLastOxfordCommas.java;1;0.0;0.0;0.12244897959183668;0.0;7.0
src/main/java/net/sf/jabref/logic/layout/format/AuthorFirstFirst.java;1;0.0;0.0;0.4444444444444444;0.0;9.0
src/main/java/net/sf/jabref/logic/layout/format/AuthorFirstFirstCommas.java;1;0.0;0.0;0.0;0.0;6.0
src/main/java/net/sf/jabref/logic/layout/format/AuthorFirstLastCommas.java;1;0.0;0.0;0.0;0.0;6.0
src/main/java/net/sf/jabref/logic/layout/format/AuthorFirstLastOxfordCommas.java;1;0.0;0.0;0.0;0.0;6.0
src/main/java/net/sf/jabref/logic/layout/format/AuthorLastFirst.java;1;0.0;0.0;0.484375;0.0;8.0
src/main/java/net/sf/jabref/logic/layout/format/AuthorLastFirstAbbrCommas.java;1;0.0;0.0;0.0;0.0;6.0
src/main/java/net/sf/jabref/logic/layout/format/AuthorLastFirstAbbrOxfordCommas.java;1;0.0;0.0;0.0;0.0;6.0
src/main/java/net/sf/jabref/logic/layout/format/AuthorLastFirstCommas.java;1;0.0;0.0;0.0;0.0;6.0
src/main/java/net/sf/jabref/logic/layout/format/AuthorLastFirstOxfordCommas.java;1;0.0;0.0;0.12244897959183668;0.0;7.0
src/main/java/net/sf/jabref/logic/layout/format/AuthorNatBib.java;1;0.0;0.0;0.12244897959183668;0.0;7.0
src/main/java/net/sf/jabref/logic/fulltext/FullTextFinder.java;1;0.16000000000000006;0.0;11.76;0.0;5.0
src/main/java/net/sf/jabref/logic/bibtex/comparator/IdComparator.java;1;0.0;0.0;0.25;0.0;8.0
src/main/java/net/sf/jabref/logic/layout/StringInt.java;1;0.0;0.0;0.96;0.0;10.0
src/main/java/net/sf/jabref/logic/layout/format/AuthorLastFirstAbbreviator.java;1;0.0;0.0;0.15999999999999998;0.0;5.0
src/main/java/net/sf/jabref/logic/cleanup/CleanupJob.java;1;0.22222222222222224;0.0;14.222222222222223;0.0;3.0
src/main/java/net/sf/jabref/logic/layout/format/FormatPagesForHTML.java;1;0.0;0.0;0.15999999999999998;0.0;5.0
src/main/java/net/sf/jabref/logic/layout/format/FormatPagesForXML.java;1;0.0;0.0;0.15999999999999998;0.0;5.0
src/main/java/net/sf/jabref/logic/layout/format/NoSpaceBetweenAbbreviations.java;1;0.0;0.0;0.15999999999999998;0.0;5.0
src/main/java/net/sf/jabref/event/EntryChangedEvent.java;1;0.0;0.0;0.0;0.0;1.0
src/main/java/net/sf/jabref/event/EntryRemovedEvent.java;1;0.0;0.0;0.0;0.0;1.0
src/main/java/net/sf/jabref/gui/preftabs/PrefsTab.java;1;0.0;0.0;0.0;0.0;7.0
src/main/java/net/sf/jabref/logic/search/SearchQueryHighlightListener.java;1;0.0;0.0;0.65;0.0;10.0
src/main/java/net/sf/jabref/external/UnknownExternalFileType.java;1;0.0;0.0;0.22222222222222224;0.0;3.0
src/main/java/net/sf/jabref/logic/groups/UnsupportedVersionException.java;1;0.0;0.0;0.0;0.0;5.0
src/main/java/net/sf/jabref/logic/autocompleter/AutoCompleteFirstNameMode.java;1;0.0;0.0;0.0;0.0;1.0
src/main/java/net/sf/jabref/external/ConfirmCloseFileListEntryEditor.java;1;0.0;0.0;0.25;0.0;2.0
src/main/java/net/sf/jabref/gui/openoffice/ConnectionLostException.java;1;0.0;0.0;0.0;0.0;3.0
src/main/java/net/sf/jabref/gui/EntryContainer.java;1;0.0;0.0;0.5306122448979592;0.0;7.0
src/main/java/net/sf/jabref/importer/ImportInspector.java;1;0.13888888888888887;0.0;0.1388888888888889;0.0;6.0
src/main/java/net/sf/jabref/gui/openoffice/NoDocumentException.java;1;1.6875;3.0;58.9375;0.0;8.0
src/main/java/net/sf/jabref/importer/OutputPrinter.java;1;0.0;0.0;0.0;0.0;2.0
src/main/java/net/sf/jabref/logic/remote/RemoteUtil.java;1;0.0;0.0;0.0;0.0;6.0
src/main/java/net/sf/jabref/logic/search/rules/SearchRule.java;1;0.0;0.0;0.544378698224852;0.0;13.0
src/main/java/net/sf/jabref/bst/VMException.java;1;0.0;0.0;0.0;0.0;1.0
src/main/java/net/sf/jabref/gui/actions/BaseAction.java;1;0.0;0.0;0.1388888888888889;0.0;6.0
src/main/java/net/sf/jabref/gui/worker/CallBack.java;1;0.0;0.0;0.16;0.0;5.0
src/main/java/net/sf/jabref/collab/FileUpdateListener.java;1;0.0;0.0;0.0;0.0;2.0
src/main/java/net/sf/jabref/logic/layout/LayoutFormatter.java;1;0.0;0.0;0.16;0.0;5.0
src/main/java/net/sf/jabref/logic/remote/server/MessageHandler.java;1;0.0;0.0;0.22222222222222224;0.0;3.0
src/main/java/net/sf/jabref/logic/search/rules/describer/SearchDescriber.java;1;0.0;0.0;0.1875;0.0;4.0
src/main/java/net/sf/jabref/bst/Warn.java;1;0.0;0.0;0.1875;0.0;4.0
src/main/java/net/sf/jabref/logic/xmp/EncryptedPdfsNotSupportedException.java;1;0.16000000000000003;0.16000000000000003;2.4000000000000004;0.0;5.0
src/main/java/net/sf/jabref/logic/layout/ParamLayoutFormatter.java;1;0.0;0.0;0.25;0.0;4.0
src/main/java/net/sf/jabref/gui/worker/Worker.java;1;0.16000000000000003;0.0;0.16;0.0;5.0
